LS Pack,LS Name,LS Role,LS Race,LS Class,LS Size,LS Image,5e Name,5e Type,5e Size
A Ghostly Odyssey,Centaur,enemies,Monstrosity,Fighter/Ranger,Large,https://site.lootstudios.com/wp-content/uploads/2022/05/FN2104AC06.png,Centaur,Monstrosity,Large
A Ghostly Odyssey,Ciktan,heroes,Catfolk,Sorcerer,Medium,https://site.lootstudios.com/wp-content/uploads/2022/05/FN2104AC05.png,N/A,,
A Ghostly Odyssey,Cockatrice,enemies,Monstrosity,N/A,Small,https://site.lootstudios.com/wp-content/uploads/2022/05/FN2104AC12.png,Cockatrice,Monstrosity,Small
A Ghostly Odyssey,Georgios Minoulis,heroes,Human,Fighter,Medium,https://site.lootstudios.com/wp-content/uploads/2022/07/38.png,N/A,,
A Ghostly Odyssey,Harpy,enemies,Monstrosity,N/A,Medium,https://site.lootstudios.com/wp-content/uploads/2022/05/FN2104AC11.png,Harpy,Monstrosity,Medium
A Ghostly Odyssey,Hydra,enemies,Monstrosity,N/A,Huge,https://site.lootstudios.com/wp-content/uploads/2022/05/FN2104AC16.png,Hydra,Monstrosity,Huge
A Ghostly Odyssey,Lamia,enemies,Monstrosity,N/A,Large,https://site.lootstudios.com/wp-content/uploads/2022/05/FN2104AC10.png,Lamia,Monstrosity,Large
A Ghostly Odyssey,Lampad,enemies,Fey,N/A,Medium,https://site.lootstudios.com/wp-content/uploads/2022/05/FN2104AC15.png,Lampad,Fey,Medium
A Ghostly Odyssey,"Lilli ""Oneshoe"" Nackle",heroes,Gnome,Artificer,Small,https://site.lootstudios.com/wp-content/uploads/2022/07/39.png,N/A,,
A Ghostly Odyssey,Masked Undead,enemies,Undead,Fighter,Medium,https://site.lootstudios.com/wp-content/uploads/2022/05/FN2104AC09.png,Returned Palamnite,Undead,Medium
A Ghostly Odyssey,Medusa,enemies,Monstrosity,N/A,Medium,https://site.lootstudios.com/wp-content/uploads/2022/05/FN2104AC08.png,Medusa,Monstrosity,Medium
A Ghostly Odyssey,Minotaur,enemies,Monstrosity,N/A,Large,https://site.lootstudios.com/wp-content/uploads/2022/05/FN2104AC07.png,Minotaur,Monstrosity,Large
A Ghostly Odyssey,Naiad,enemies,Fey,N/A,Medium,https://site.lootstudios.com/wp-content/uploads/2022/05/FN2104AC14.png,Naiad,Fey,Medium
A Ghostly Odyssey,Olympus Rider,npcs,Human/Celestial,Fighter/Paladin,Large,https://site.lootstudios.com/wp-content/uploads/2022/05/FN2104AC22.png,Pegasus,Celestial,Large
A Ghostly Odyssey,PC,enemies,Fey,N/A,Medium,https://site.lootstudios.com/wp-content/uploads/2022/05/FN2104AC13.png,Oread,Fey,Medium
A Light in the Shadow,Bashir Khan,heroes,Human,Warlock,Medium,https://site.lootstudios.com/wp-content/uploads/2022/05/FN2012AC03.png,N/A,,
A Light in the Shadow,Bearded Devil,enemies,Fiend (Devil),N/A,Medium,https://site.lootstudios.com/wp-content/uploads/2022/05/FN2012AC11.png,Bearded Devil,Fiend (Devil),Medium
A Light in the Shadow,Blind Devil,enemies,Fiend (Devil),N/A,Medium,https://site.lootstudios.com/wp-content/uploads/2022/05/FN2012AC09.png,Nupperibo,Fiend (Devil),Medium
A Light in the Shadow,Chain Devil,enemies,Fiend (Devil),N/A,Medium,https://site.lootstudios.com/wp-content/uploads/2022/05/FN2012AC13.png,Chain Devil,Fiend (Devil),Medium
A Light in the Shadow,Erinyes,enemies,Fiend (Devil),N/A,Medium,https://site.lootstudios.com/wp-content/uploads/2022/05/FN2012AC06.png,Erinyes,Fiend (Devil),Medium
A Light in the Shadow,Gardain Firebeard,heroes,Dwarf,Paladin,Medium,https://site.lootstudios.com/wp-content/uploads/2022/05/FN2012AC02.png,N/A,,
A Light in the Shadow,Hell Counselor,enemies,Fiend (Devil),N/A,Medium,https://site.lootstudios.com/wp-content/uploads/2022/05/FN2012AC14.png,Amnizu,Fiend (Devil),Medium
A Light in the Shadow,Hell Knight,enemies,Fiend (Devil),Fighter/Paladin,Large,https://site.lootstudios.com/wp-content/uploads/2022/05/FN2012AC07.png,Death Knight,Undead,Medium
A Light in the Shadow,Ice Devil,enemies,Fiend (Devil),N/A,Large,https://site.lootstudios.com/wp-content/uploads/2022/05/FN2012AC08.png,Ice Devil,Fiend (Devil),Large
A Light in the Shadow,Imp,enemies,Fiend (Devil),N/A,Tiny,https://site.lootstudios.com/wp-content/uploads/2022/05/FN2012AC12.png,Imp,"Fiend (Devil, Shapechanger)",Tiny
A Light in the Shadow,Lemure,enemies,Fiend (Devil),N/A,Medium,https://site.lootstudios.com/wp-content/uploads/2022/05/FN2012AC10.png,Lemure,Fiend (Devil),Medium
A Light in the Shadow,Nicolas Noel,bonus,Celestial,N/A,Medium,https://site.lootstudios.com/wp-content/uploads/2022/05/FN2012AC20.png,N/A,,
A Light in the Shadow,Okesh the Proud,heroes,Elemental (Djinn),N/A,Large,https://site.lootstudios.com/wp-content/uploads/2022/05/FN2012AC04.png,N/A,,
A Light in the Shadow,Pit Fiend,enemies,Fiend (Devil),N/A,Large,https://site.lootstudios.com/wp-content/uploads/2022/05/FN2012AC05.png,Pit Fiend,Fiend (Devil),Large
A Light in the Shadow,Rulph,bonus,Beast,N/A,Large,https://site.lootstudios.com/wp-content/uploads/2022/05/FN2012AC21.png,N/A,,
A Light in the Shadow,Solar Free,npcs,Celestial,N/A,Large,https://site.lootstudios.com/wp-content/uploads/2022/07/36.png,Solar,Celestial,Large
A Light in the Shadow,Solar Prisoner,npcs,Celestial,N/A,Large,https://site.lootstudios.com/wp-content/uploads/2022/05/FN2012AC19.png,Solar,Celestial,Large
A Light in the Shadow,Spiked Devil,enemies,Fiend (Devil),N/A,Medium,https://site.lootstudios.com/wp-content/uploads/2022/05/FN2012AC15.png,Barbed Devil,Fiend (Devil),Medium
A Light in the Shadow,Vanchu Spinebreaker,heroes,Half-Orc,Barbarian/Fighter,Medium,https://site.lootstudios.com/wp-content/uploads/2022/05/FN2012AC01.png,N/A,,
A Mad Mage's Experiments,Chimera,enemies,Monstrosity,N/A,Large,https://site.lootstudios.com/wp-content/uploads/2022/05/FN2008AC06.png,Chimera,Monstrosity,Large
A Mad Mage's Experiments,Choker 1,enemies,Aberration,N/A,Medium,https://site.lootstudios.com/wp-content/uploads/2022/05/FN2008AC09.png,Choker,Aberration,Small
A Mad Mage's Experiments,Choker 2,enemies,Aberration,N/A,Medium,https://site.lootstudios.com/wp-content/uploads/2022/05/FN2008AC10.png,Choker,Aberration,Small
A Mad Mage's Experiments,Chuul,enemies,Aberration,N/A,Large,https://site.lootstudios.com/wp-content/uploads/2022/05/FN2008AC08.png,Chuul,Aberration,Large
A Mad Mage's Experiments,Cormah Shasan,heroes,Elf,Druid,Medium,https://site.lootstudios.com/wp-content/uploads/2022/05/FN2008AC02.png,N/A,,
A Mad Mage's Experiments,Cormah Shasan Bear Form,heroes,Shapechanger,N/A,Large,https://site.lootstudios.com/wp-content/uploads/2022/05/FN2008AC04.png,Brown Bear,Beast,Large
A Mad Mage's Experiments,Ettin,enemies,Monstrosity,N/A,Large,https://site.lootstudios.com/wp-content/uploads/2022/05/FN2008AC13.png,Ettin,Giant,Large
A Mad Mage's Experiments,Girallon,enemies,Monstrosity,N/A,Large,https://site.lootstudios.com/wp-content/uploads/2022/05/FN2008AC12.png,Girallon,Monstrosity,Large
A Mad Mage's Experiments,Jhonny Trinity,heroes,Human,Ranger/Rogue,Medium,https://site.lootstudios.com/wp-content/uploads/2022/05/FN2008AC01.png,N/A,,
A Mad Mage's Experiments,Mad Mage,enemies,Human,Warlock/Wizard,Medium,https://site.lootstudios.com/wp-content/uploads/2022/05/FN2008AC05.png,Halaster Blackcloak,Humanoid (Human),Medium
A Mad Mage's Experiments,Mimic Book,objects,N/A,N/A,Tiny,https://site.lootstudios.com/wp-content/uploads/2022/05/FN2008AO12.png,Mimic,Monstrosity (Shapechanger),Medium
A Mad Mage's Experiments,Owl,objects,N/A,N/A,Tiny,https://site.lootstudios.com/wp-content/uploads/2022/05/FN2008AO10.png,Owl,Beast,Tiny
A Mad Mage's Experiments,Owlbear,enemies,Monstrosity,N/A,Large,https://site.lootstudios.com/wp-content/uploads/2022/05/FN2008AC07.png,Owlbear,Monstrosity,Large
A Mad Mage's Experiments,Stone Golem,enemies,Construct,N/A,Large,https://site.lootstudios.com/wp-content/uploads/2022/05/FN2008AC11.png,Stone Golem,Construct,Large
A Mad Mage's Experiments,Sunathaer Caex,heroes,Dragonborn,Fighter/Paladin,Medium,https://site.lootstudios.com/wp-content/uploads/2022/05/FN2008AC03.png,N/A,,
Astral Looters,Boris Pummeler,heroes,Gnome,Artificer,Small,https://site.lootstudios.com/wp-content/uploads/2022/08/FN2209AC04.png,N/A,,
Astral Looters,Crab Juggernaut,enemies,Monstrosity,N/A,Large,https://site.lootstudios.com/wp-content/uploads/2022/08/FN2209AC12.png,Umber Hulk,Monstrosity,Large
Astral Looters,Cthulhufolk Privateer,enemies,Cthulhufolk,Rogue,Medium,https://site.lootstudios.com/wp-content/uploads/2022/08/FN2209AC08.png,TBC,,
Astral Looters,Dracospider,enemies,Dragon,N/A,Small,https://site.lootstudios.com/wp-content/uploads/2022/08/FN2209AC11.png,Neogi,Aberration,Small
Astral Looters,Elizabeth Gale,heroes,Human,Rogue,Medium,https://site.lootstudios.com/wp-content/uploads/2022/08/FN2209AC02.png,N/A,,
Astral Looters,Flumph,enemies,Aberration,N/A,Small,https://site.lootstudios.com/wp-content/uploads/2022/08/FN2209AC14.png,Flumph,Aberration,Small
Astral Looters,Giant Space Capybara,heroes,Beast,N/A,Large,https://site.lootstudios.com/wp-content/uploads/2022/08/FN2209AC05.png,N/A,,
Astral Looters,Gorgon Mage,enemies,Gorgon,Wizard,Medium,https://site.lootstudios.com/wp-content/uploads/2022/08/FN2209AC09.png,TBC,,
Astral Looters,Gorwyn Galanodel,heroes,Elf,Fighter,Medium,https://site.lootstudios.com/wp-content/uploads/2022/08/FN2209AC03.png,N/A,,
Astral Looters,Hippofolk Warrior,heroes,Hippofolk,Fighter,Medium,https://site.lootstudios.com/wp-content/uploads/2022/08/FN2209AC07.png,N/A,,
Astral Looters,Limbo Shaper Monk,heroes,Astral Walker,Monk,Medium,https://site.lootstudios.com/wp-content/uploads/2022/08/FN2209AC06.png,N/A,,
Astral Looters,Mermillian Rogue,enemies,Mermillian,Rogue,Medium,https://site.lootstudios.com/wp-content/uploads/2022/08/FN2209AC10.png,TBC,,
Astral Looters,Meteor Mimic,enemies,Aberration,N/A,Medium,https://site.lootstudios.com/wp-content/uploads/2022/08/FN2209AC15.png,Eye Monger,Aberration,Large
Astral Looters,Primordial Crab,enemies,Monstrosity,N/A,Huge,https://site.lootstudios.com/wp-content/uploads/2022/08/FN2209AC01.png,N/A,,
Astral Looters,Void Shark,enemies,Monstrosity,N/A,Large,https://site.lootstudios.com/wp-content/uploads/2022/08/FN2209AC13.png,Brown Scavver,Monstrosity,Large
Buried Tomb,Advisor Mummy,enemies,Undead,N/A,Medium,https://site.lootstudios.com/wp-content/uploads/2022/05/FN2110AC04.png,Mummy,Undead,Medium
Buried Tomb,Attendant Mummy,enemies,Undead,N/A,Medium,https://site.lootstudios.com/wp-content/uploads/2022/05/FN2110AC05.png,Mummy,Undead,Medium
Buried Tomb,Bayul Greytusk,heroes,Mammothfolk,Wizard,Medium,https://site.lootstudios.com/wp-content/uploads/2022/05/FN2110AC03.png,N/A,,
Buried Tomb,Camel,npcs,Beast,N/A,Large,https://site.lootstudios.com/wp-content/uploads/2022/05/FN2110AC22.png,Camel,Beast,Large
Buried Tomb,Cat,enemies,Beast,N/A,Tiny,https://site.lootstudios.com/wp-content/uploads/2022/05/FN2110AC06.png,Cat,Beast,Tiny
Buried Tomb,Crocodile,enemies,Beast,N/A,Large,https://site.lootstudios.com/wp-content/uploads/2022/05/FN2110AC07.png,Crocodile,Beast,Large
Buried Tomb,Gold,heroes,Catfolk,Bard,Medium,https://site.lootstudios.com/wp-content/uploads/2022/05/FN2110AC01.png,N/A,,
Buried Tomb,Grick,enemies,Monstrosity,N/A,Medium,https://site.lootstudios.com/wp-content/uploads/2022/05/FN2110AC08.png,Grick,Monstrosity,Medium
Buried Tomb,Gynosphinx,enemies,Monstrosity,N/A,Large,https://site.lootstudios.com/wp-content/uploads/2022/05/FN2110AC09.png,Gynosphinx,Monstrosity,Large
Buried Tomb,Howler,enemies,Elemental,N/A,Large,https://site.lootstudios.com/wp-content/uploads/2022/05/FN2110AC10.png,Howler,Fiend,Large
Buried Tomb,"Jimmy Hollowhead, Eye Collector of Panshaw",bonus,N/A,N/A,Large,https://site.lootstudios.com/wp-content/uploads/2022/05/FN2110AC28.png,N/A,,
Buried Tomb,Merchant,npcs,Human,N/A,Medium,https://site.lootstudios.com/wp-content/uploads/2022/05/FN2110AC23.png,N/A,,
Buried Tomb,Mohrg,enemies,Undead,N/A,Medium,https://site.lootstudios.com/wp-content/uploads/2022/05/FN2110AC11.png,TBC,,
Buried Tomb,Monstrous Scorpion,enemies,Beast,N/A,Large,https://site.lootstudios.com/wp-content/uploads/2022/05/FN2110AC12.png,Giant Scorpion,Beast,Large
Buried Tomb,Mr. Snuggles,enemies,Undead,N/A,Tiny,https://site.lootstudios.com/wp-content/uploads/2022/05/FN2110AC13.png,Cat,Beast,Tiny
Buried Tomb,Mummy Lord,enemies,Undead,N/A,Medium,https://site.lootstudios.com/wp-content/uploads/2022/05/FN2110AC14.png,Mummy Lord,Undead,Medium
Buried Tomb,Royal Cat,enemies,Beast,N/A,Tiny,https://site.lootstudios.com/wp-content/uploads/2022/05/FN2110AC15.png,Cat,Beast,Tiny
Buried Tomb,Sand Golem,enemies,Construct,N/A,Large,https://site.lootstudios.com/wp-content/uploads/2022/05/FN2110AC16.png,N/A,,
Buried Tomb,Sanjay the Shadow,heroes,Human,Rogue,Medium,https://site.lootstudios.com/wp-content/uploads/2022/05/FN2110AC02.png,N/A,,
Buried Tomb,Scarab Swarm,enemies,Beast,N/A,Medium,https://site.lootstudios.com/wp-content/uploads/2022/05/FN2110AC17.png,Swarm of Scarabs,Beast,Medium
Buried Tomb,Skeletal Snake,enemies,Undead,N/A,Large,https://site.lootstudios.com/wp-content/uploads/2022/05/FN2110AC18.png,Bone Naga,Undead,Large
Buried Tomb,Warrior Mummy,enemies,Undead,N/A,Medium,https://site.lootstudios.com/wp-content/uploads/2022/05/FN2110AC19.png,Mummy,Undead,Medium
Buried Tomb,Werejackal,enemies,Werejackal,N/A,Medium,https://site.lootstudios.com/wp-content/uploads/2022/05/FN2110AC20.png,Jackalwere,Humanoid (Shapechanger),Medium
Buried Tomb,Werejackal Priest,enemies,Werejackal,N/A,Medium,https://site.lootstudios.com/wp-content/uploads/2022/05/FN2110AC21.png,Jackalwere,Humanoid (Shapechanger),Medium
City of Portals,Adorned Air Elemental,enemies,Elemental,N/A,Large,https://site.lootstudios.com/wp-content/uploads/2022/05/FN2205AC12.png,Air Elemental Myrmidon,Elemental,Medium
City of Portals,Adorned Earth Elemental,enemies,Elemental,N/A,Large,https://site.lootstudios.com/wp-content/uploads/2022/05/FN2205AC10.png,Earth Elemental,Elemental,Large
City of Portals,Adorned Fire Elemental,enemies,Elemental,N/A,Large,https://site.lootstudios.com/wp-content/uploads/2022/05/FN2205AC11.png,Fire Elemental Myrmidon,Elemental,Medium
City of Portals,Adorned Water Elemental,enemies,Elemental,N/A,Large,https://site.lootstudios.com/wp-content/uploads/2022/05/FN2205AC09.png,Water Elemental Myrmidon,Elemental,Medium
City of Portals,Annah-of-the-Flames,heroes,Fireborn,Wizard,Medium,https://site.lootstudios.com/wp-content/uploads/2022/05/FN2205AC13.png,N/A,,
City of Portals,Grof Mortewielder,enemies,Aberration,N/A,Large,https://site.lootstudios.com/wp-content/uploads/2022/05/FN2205AC06.png,Green Slaad,Aberration (Shapechanger),Large
City of Portals,"Grooze, The Morphic Ooze",time portal props and bonus character,Ooze,N/A,Medium,https://site.lootstudios.com/wp-content/uploads/2022/05/SN2205AC01-1.png,Plasmoid Explorer,Ooze,Medium
City of Portals,Kallista Everun,heroes,Tiefling,Rogue,Medium,https://site.lootstudios.com/wp-content/uploads/2022/05/FN2205AC14.png,N/A,,
City of Portals,Marut,enemies,Construct,N/A,Large,https://site.lootstudios.com/wp-content/uploads/2022/05/FN2205AC04.png,Marut,Construct (Inevitable),Large
City of Portals,Mistress of Misery,enemies,Celestial,N/A,Medium,https://site.lootstudios.com/wp-content/uploads/2022/05/FN2205AC08.png,N/A,,
City of Portals,Planetar,enemies,Celestial,Fighter/Paladin,Large,https://site.lootstudios.com/wp-content/uploads/2022/05/FN2205AC07.png,Planetar,Celestial,Large
City of Portals,Qydon,heroes,Astral Walker,Fighter/Warlock,Medium,https://site.lootstudios.com/wp-content/uploads/2022/05/FN2205AC15.png,N/A,,
City of Portals,Rakshasa Hexafingers,enemies,Rakshasa/Catfolk,Sorcerer/Warlock,Medium,https://site.lootstudios.com/wp-content/uploads/2022/05/FN2205AC01.png,Rakshasa,Fiend,Medium
City of Portals,Rakuno the Manyhorned Devil,enemies,Fiend (Devil),N/A,Large,https://site.lootstudios.com/wp-content/uploads/2022/05/FN2205AC03.png,N/A,,
City of Portals,Succubus,enemies,Fiend (Demon or Devil),Sorcerer/Warlock,Medium,https://site.lootstudios.com/wp-content/uploads/2022/05/FN2205AC05.png,Succubus,Fiend (Shapechanger),Medium
City of Portals,Wereraven,enemies,Wereraven/Birdfolk,Ranger/Rogue,Medium,https://site.lootstudios.com/wp-content/uploads/2022/05/FN2205AC02.png,Wereraven,Humanoid,Medium
Crusade of Darkness,"Abigail, Fell Champion",enemies,Humanoid (Ashen),Fighter,Medium,https://site.lootstudios.com/wp-content/uploads/2022/12/FN2212AC13.png,TBC,,
Crusade Of Darkness,"Abigail, Fell Champion Mount",enemies,Ashen,Fighter/Paladin,Large,https://site.lootstudios.com/wp-content/uploads/2022/12/FN2212AC24.png,TBC,,
Crusade of Darkness,"Allastor, Black Sun",heroes,Human,Cleric,Medium,https://site.lootstudios.com/wp-content/uploads/2022/12/FN2212AC04.png,N/A,,
Crusade of Darkness,Ashen-Shrine Titan,ashen-shrine titan,N/A,N/A,Gargantuan,https://site.lootstudios.com/wp-content/uploads/2022/12/FN2212AO02.png,N/A,,
Crusade of Darkness,"Dante, Fallen Regent",enemies,Humanoid (Ashen),Fighter/Paladin,Medium,https://site.lootstudios.com/wp-content/uploads/2022/12/FN2212AC11.png,TBC,,
Crusade of Darkness,"Dreven, Royal Executioner",enemies,Humanoid (Ashen),Barbarian,Medium,https://site.lootstudios.com/wp-content/uploads/2022/12/FN2212AC12.png,TBC,,
Crusade of Darkness,Fell Archer,enemies,Humanoid (Ashen),Ranger,Medium,https://site.lootstudios.com/wp-content/uploads/2022/12/FN2212AC15.png,TBC,,
Crusade of Darkness,Fell Hound,enemies,Fiend,N/A,Large,https://site.lootstudios.com/wp-content/uploads/2022/12/FN2212AC18.png,TBC,,
Crusade of Darkness,Fell Minstrel,enemies,Humanoid (Ashen),Bard,Medium,https://site.lootstudios.com/wp-content/uploads/2022/12/FN2212AC14.png,TBC,,
Crusade of Darkness,Fell Warlock,enemies,Humanoid (Ashen),Warlock,Medium,https://site.lootstudios.com/wp-content/uploads/2022/12/FN2212AC16.png,TBC,,
Crusade of Darkness,Fell Warrior,enemies,Humanoid (Ashen),Fighter,Medium,https://site.lootstudios.com/wp-content/uploads/2022/12/FN2212AC17.png,TBC,,
Crusade Of Darkness,"Gul'Trot, Fortressback Tortoise",gul'trot fortressback tortoise,N/A,N/A,Gargantuan,https://site.lootstudios.com/wp-content/uploads/2022/01/turtle1.png,N/A,,
Crusade of Darkness,"King Arthur VII, the Unwavering",heroes,Human,Fighter/Paladin,Medium,https://site.lootstudios.com/wp-content/uploads/2022/12/FN2212AC01.png,N/A,,
Crusade of Darkness,"Margareth, Fell Pontiff",enemies,Humanoid (Ashen),Cleric,Medium,https://site.lootstudios.com/wp-content/uploads/2022/12/FN2212AC10.png,TBC,,
Crusade of Darkness,"Princess Arthena, the Impetuous",heroes,Human,Fighter,Medium,https://site.lootstudios.com/wp-content/uploads/2022/12/FN2212AC02.png,N/A,,
Crusade Of Darkness,"Princess Arthena, the Impetuous Mount",heroes,Human,Fighter,Medium,https://site.lootstudios.com/wp-content/uploads/2022/12/FN2212AC25.png,N/A,,
Crusade of Darkness,"Queen Diana, The Cunning",heroes,Human,Wizard (Bladesinger),Medium,https://site.lootstudios.com/wp-content/uploads/2022/12/FN2212AC03.png,N/A,,
Crusade of Darkness,Sun Lion,heroes,Celestial,N/A,Large,https://site.lootstudios.com/wp-content/uploads/2022/12/FN2212AC05.png,Felidar,Celestial,Large
Crusade of Darkness,Unwavering Crossbowman,heroes,Human,Fighter/Paladin,Medium,https://site.lootstudios.com/wp-content/uploads/2022/12/FN2212AC09.png,N/A,,
Crusade of Darkness,Unwavering Halberdier,heroes,Human,Fighter/Paladin,Medium,https://site.lootstudios.com/wp-content/uploads/2022/12/FN2212AC06.png,N/A,,
Crusade of Darkness,Unwavering Spearman,heroes,Human,Fighter/Paladin,Medium,https://site.lootstudios.com/wp-content/uploads/2022/12/FN2212AC08.png,N/A,,
Crusade of Darkness,Unwavering Swordsman,heroes,Human,Fighter/Paladin,Medium,https://site.lootstudios.com/wp-content/uploads/2022/12/FN2212AC07.png,N/A,,
Cult of Hunger,Cultist,enemies,Human,N/A,Medium,https://site.lootstudios.com/wp-content/uploads/2022/05/FN2201AC05.png,Cultist,Humanoid (Any Race),Medium
Cult of Hunger,Cultist Sorcerer,enemies,Human,Sorcerer/Wizard,Medium,https://site.lootstudios.com/wp-content/uploads/2022/05/FN2201AC06.png,Cultist,Humanoid (Any Race),Medium
Cult of Hunger,Dretch,enemies,Fiend (Demon),N/A,Medium,https://site.lootstudios.com/wp-content/uploads/2022/05/FN2201AC08.png,Dretch,Fiend (Demon),Small
Cult of Hunger,Elzedar Mon,heroes,Mongrelfolk,Rogue,Medium,https://site.lootstudios.com/wp-content/uploads/2022/05/FN2201AC01.png,Mongrelfolk,Humanoid,Medium
Cult of Hunger,Flind,enemies,Gnoll,N/A,Medium,https://site.lootstudios.com/wp-content/uploads/2022/05/FN2201AC13.png,Flind,Fiend (Gnoll),Medium
Cult of Hunger,Ghoul,enemies,Undead,N/A,Medium,https://site.lootstudios.com/wp-content/uploads/2022/05/FN2201AC04.png,Ghoul,Undead,Medium
Cult of Hunger,Gnoll Archer,enemies,Gnoll,Ranger/Rogue,Medium,https://site.lootstudios.com/wp-content/uploads/2022/05/FN2201AC17.png,Gnoll Hunter,Monstrosity,Medium
Cult of Hunger,Gnoll Flesh Gnawer,enemies,Gnoll,N/A,Medium,https://site.lootstudios.com/wp-content/uploads/2022/05/FN2201AC18.png,Gnoll Flesh Gnawer,Monstrosity,Medium
Cult of Hunger,Gnoll Pack Lord,enemies,Gnoll,N/A,Medium,https://site.lootstudios.com/wp-content/uploads/2022/05/FN2201AC14.png,Gnoll Pack Lord,Humanoid (Gnoll),Medium
Cult of Hunger,Gnoll Shaman,enemies,Gnoll,Sorcerer/Warlock,Medium,https://site.lootstudios.com/wp-content/uploads/2022/05/FN2201AC16.png,Gnoll,Humanoid (Gnoll),Medium
Cult of Hunger,Gnoll Warrior,enemies,Gnoll,Barbarian/Fighter,Medium,https://site.lootstudios.com/wp-content/uploads/2022/05/FN2201AC15.png,Gnoll Flesh Gnawer,Monstrosity,Medium
Cult of Hunger,Gnoll Witherling,enemies,Gnoll,N/A,Medium,https://site.lootstudios.com/wp-content/uploads/2022/05/FN2201AC19.png,Gnoll Witherling,Undead,Medium
Cult of Hunger,Hyena,enemies,Beast,N/A,Medium,https://site.lootstudios.com/wp-content/uploads/2022/05/FN2201AC10.png,Hyena,Beast,Medium
Cult of Hunger,Hyenoll,enemies,Gnoll,N/A,Large,https://site.lootstudios.com/wp-content/uploads/2022/05/FN2201AC12.png,N/A,,
Cult of Hunger,Leucrotta,enemies,Monstrosity,N/A,Large,https://site.lootstudios.com/wp-content/uploads/2022/05/FN2201AC11.png,Leucrotta,Monstrosity,Large
Cult of Hunger,Orangutan Demon,enemies,Fiend (Demon),N/A,Medium,https://site.lootstudios.com/wp-content/uploads/2022/05/FN2201AC09.png,Barlgura,Fiend (Demon),Large
Cult of Hunger,Praying Cultist,enemies,Human,Cleric/Wizard,Medium,https://site.lootstudios.com/wp-content/uploads/2022/05/FN2201AC07.png,Cultist,Humanoid (Any Race),Medium
Cult of Hunger,Quarion Moonwhisper,heroes,Half-elf,Bard,Medium,https://site.lootstudios.com/wp-content/uploads/2022/05/FN2201AC02.png,N/A,,
Cult of Hunger,Summoning Cultist,enemies,Human,Sorcerer/Wizard,Medium,https://site.lootstudios.com/wp-content/uploads/2022/05/FN2201AC20.png,Cultist,Humanoid (Any Race),Medium
Cult of Hunger,Titania Steelmesh,heroes,Human,Fighter,Medium,https://site.lootstudios.com/wp-content/uploads/2022/05/FN2201AC03.png,N/A,,
Curse of Torpor,Bogeyman,enemies,Aberration,N/A,Large,https://app.lootstudios.com/wp-content/uploads/2023/07/FN2308AC07.png,N/A,,
Curse of Torpor,"Desidia, Lady of Slumber",enemies,Demon,N/A,Large,https://app.lootstudios.com/wp-content/uploads/2023/07/FN2308AC01_.png,N/A,,
Curse of Torpor,Dream Eater,enemies,Aberration,N/A,Large,https://app.lootstudios.com/wp-content/uploads/2023/07/FN2308AC02.png,N/A,,
Curse of Torpor,Flickering Knight,enemies,Construct,N/A,Medium,https://app.lootstudios.com/wp-content/uploads/2023/07/FN2308AC13.png,N/A,,
Curse of Torpor,Horror Summoner,enemies,Aberration,N/A,Medium,https://app.lootstudios.com/wp-content/uploads/2023/07/FN2308AC15.png,N/A,,
Curse of Torpor,Insomnia Beast,enemies,Aberration,N/A,Huge,https://app.lootstudios.com/wp-content/uploads/2023/07/FN2308AC04.png,N/A,,
Curse of Torpor,Ivoro Gemmender,heroes,Slothfolk,Cleric/Druid,Medium,https://app.lootstudios.com/wp-content/uploads/2023/07/FN2308AC11.png,N/A,,
Curse of Torpor,Lullaby Gent,enemies,Fey,N/A,Small,https://app.lootstudios.com/wp-content/uploads/2023/07/FN2308AC08.png,N/A,,
Curse of Torpor,Nightmare Aberration,enemies,Aberration,N/A,Large,https://app.lootstudios.com/wp-content/uploads/2023/07/FN2308AC05.png,N/A,,
Curse of Torpor,Priest of Slumber,enemies,Human,N/A,Medium,https://app.lootstudios.com/wp-content/uploads/2023/07/FN2308AC06.png,TBC,,
Curse of Torpor,Shackled Horror,enemies,Aberration,N/A,Medium,https://app.lootstudios.com/wp-content/uploads/2023/07/FN2308AC03.png,N/A,,
Curse of Torpor,Shadow Hands,objects,N/A,N/A,Medium,https://app.lootstudios.com/wp-content/uploads/2023/07/FN2308AO09.png,N/A,,
Curse of Torpor,"Shiama, Ashen Blade",heroes,Ashen,Fighter/Paladin,Medium,https://app.lootstudios.com/wp-content/uploads/2023/07/FN2308AC14.png,N/A,,
Curse of Torpor,Sleeping Deceit,enemies,Aberration,N/A,Medium,https://app.lootstudios.com/wp-content/uploads/2023/07/FN2308AC08.png,N/A,,
Curse of Torpor,Timekeeper Hag,enemies,Aberration,N/A,Medium,https://app.lootstudios.com/wp-content/uploads/2023/07/FN2308AC10.png,N/A,,
Curse of Torpor,Zaloth Ambert,heroes,Tiefling,Sorcerer/Wizard,Medium,https://app.lootstudios.com/wp-content/uploads/2023/07/FN2308AC12.png,N/A,,
Cursed Collector's Curiosities,Assimilizard,magical creatures v2,Monstrosity,N/A,Medium,https://site.lootstudios.com/wp-content/uploads/2023/03/FN2304AC12.png,TBC,,
Cursed Collector's Curiosities,Cerberus Spawn,magical creatures v2,Fiend,N/A,Large,https://site.lootstudios.com/wp-content/uploads/2023/03/FN2304AC17.png,Hell Hound,Fiend,Medium
Cursed Collector's Curiosities,Danny Lanone,heroes,Human,Fighter,Medium,https://site.lootstudios.com/wp-content/uploads/2023/03/FN2304AC01.png,N/A,,
Cursed Collector's Curiosities,Dr. Anderson,npcs,Human,Artificer/Wizard,Medium,https://site.lootstudios.com/wp-content/uploads/2023/03/FN2304AC04.png,N/A,,
Cursed Collector's Curiosities,Hoga'Pelk,magical creatures v2,Monstrosity,N/A,Large,https://site.lootstudios.com/wp-content/uploads/2023/03/FN2304AC09.png,TBC,,
Cursed Collector's Curiosities,Jeeves Golem,magical creatures v2,Construct,N/A,Medium,https://site.lootstudios.com/wp-content/uploads/2023/03/FN2304AC08.png,N/A,,
Cursed Collector's Curiosities,Kappa,magical creatures v2,Monstrosity,N/A,Medium,https://site.lootstudios.com/wp-content/uploads/2023/03/FN2304AC06.png,N/A,,
Cursed Collector's Curiosities,Mapinguari,magical creatures v2,Monstrosity,N/A,Large,https://site.lootstudios.com/wp-content/uploads/2023/03/FN2304AC07.png,N/A,,
Cursed Collector's Curiosities,Matinta Perera,magical creatures v2,Fey,N/A,Medium,https://site.lootstudios.com/wp-content/uploads/2023/03/FN2304AC10.png,N/A,,
Cursed Collector's Curiosities,Mr. Sprigg,enemies,Humanoid,N/A,Large,https://site.lootstudios.com/wp-content/uploads/2023/03/FN2304AC05.png,TBC,,
Cursed Collector's Curiosities,Protodragon,magical creatures v2,Dragon,N/A,Huge,https://site.lootstudios.com/wp-content/uploads/2023/03/FN2304AC14.png,TBC,,
Cursed Collector's Curiosities,Rainbow Hawk,magical creatures v2,Beast,N/A,Medium,https://site.lootstudios.com/wp-content/uploads/2023/03/FN2304AC11.png,TBC,,
Cursed Collector's Curiosities,Roldan Frostgrief,heroes,Human,Barbarian,Medium,https://site.lootstudios.com/wp-content/uploads/2023/03/FN2304AC02.png,N/A,,
Cursed Collector's Curiosities,Simon Trinity,heroes,Human,Ranger/Rogue,Medium,https://site.lootstudios.com/wp-content/uploads/2023/03/FN2304AC03.png,N/A,,
Cursed Collector's Curiosities,Splitting Demon,magical creatures v2,Fiend,N/A,Medium,https://site.lootstudios.com/wp-content/uploads/2023/03/FN2304AC13.png,TBC,,
Cursed Collector's Curiosities,Squidling Swarm,magical creatures v2,Aberration,N/A,Large,https://site.lootstudios.com/wp-content/uploads/2023/03/FN2304AC16.png,TBC,,
Cursed Collector's Curiosities,Twinning Squidling,magical creatures v2,Aberration,N/A,Tiny,https://site.lootstudios.com/wp-content/uploads/2023/03/FN2304AC15.png,TBC,,
Expedition to the Underworld,Bashir Khan,heroes,Human,N/A,Medium,https://site.lootstudios.com/wp-content/uploads/2022/05/FN2010AC03.png,N/A,,
Expedition to the Underworld,Basilisk,enemies,Monstrosity,N/A,Medium,https://site.lootstudios.com/wp-content/uploads/2022/05/FN2010AC09.png,Basilisk,Monstrosity,Medium
Expedition to the Underworld,Bulette,enemies,Monstrosity,N/A,Large,https://site.lootstudios.com/wp-content/uploads/2022/05/FN2010AC15.png,Bulette,Monstrosity,Large
Expedition to the Underworld,Cloaker,enemies,Aberration,N/A,Large,https://site.lootstudios.com/wp-content/uploads/2022/05/FN2010AC08.png,Cloaker,Aberration,Large
Expedition to the Underworld,Drider,enemies,Monstrosity,N/A,Large,https://site.lootstudios.com/wp-content/uploads/2022/05/FN2010AC10.png,Drider,Monstrosity,Large
Expedition to the Underworld,Drow Arachnomancer,enemies,Drow,Sorcerer/Wizard,Medium,https://site.lootstudios.com/wp-content/uploads/2022/05/FN2010AC14.png,Drow Arachnomancer,Humanoid (Elf),Medium
Expedition to the Underworld,Drow Priestess,enemies,Drow,Cleric,Medium,https://site.lootstudios.com/wp-content/uploads/2022/05/FN2010AC13.png,Drow Priestess of Lolth,Humanoid (Elf),Medium
Expedition to the Underworld,Drow Warrior Female,enemies,Drow,Fighter,Medium,https://site.lootstudios.com/wp-content/uploads/2022/05/FN2010AC11.png,Drow Elite Warrior,Humanoid (Elf),Medium
Expedition to the Underworld,Drow Warrior Male,enemies,Drow,Fighter/Ranger,Medium,https://site.lootstudios.com/wp-content/uploads/2022/05/FN2010AC12.png,Drow Elite Warrior,Humanoid (Elf),Medium
Expedition to the Underworld,Gardain Firebeard,heroes,Dwarf,N/A,Medium,https://site.lootstudios.com/wp-content/uploads/2022/05/FN2010AC02.png,N/A,,
Expedition to the Underworld,Giant Spider,enemies,Beast,N/A,Large,https://site.lootstudios.com/wp-content/uploads/2022/05/FN2010AC07.png,Giant Spider,Beast,Large
Expedition to the Underworld,Goldenhorn (Gardain's Companion),heroes,Beast,N/A,Medium,https://site.lootstudios.com/wp-content/uploads/2022/05/FN2010AC05.png,Goat,Beast,Medium
Expedition to the Underworld,"Iniha Yunvra, the Drow Queen",enemies,Drow,Sorcerer/Wizard,Medium,https://site.lootstudios.com/wp-content/uploads/2022/05/FN2010AC06.png,Drow Matron Mother,"Humanoid (Cleric, Elf)",Medium
Expedition to the Underworld,Shiza Gallar,heroes,Drow,Rogue,Medium,https://site.lootstudios.com/wp-content/uploads/2022/05/FN2010AC04.png,N/A,,
Expedition to the Underworld,Vanchu Spinebreaker,heroes,Half-Orc,N/A,Medium,https://site.lootstudios.com/wp-content/uploads/2022/05/FN2010AC01.png,N/A,,
Eye of The Watcher,Armored Brain,enemies,Aberration,N/A,Large,https://site.lootstudios.com/wp-content/uploads/2022/07/FN2208AC02.png,TBC,,
Eye of The Watcher,Banned Cthulhufolk,enemies,Aberration/Cthulhufolk,N/A,Medium,https://site.lootstudios.com/wp-content/uploads/2022/07/FN2208AC03.png,Mind Flayer,Aberration,Medium
Eye of The Watcher,Brain Tyrant,enemies,Aberration,N/A,Medium,https://site.lootstudios.com/wp-content/uploads/2022/07/FN2208AC04.png,TBC,,
Eye of The Watcher,Chitinous Watcher,enemies,Aberration,N/A,Large,https://site.lootstudios.com/wp-content/uploads/2022/07/FN2208AC13.png,TBC,,
Eye of The Watcher,Forgotten Adventurer,npcs,Humanoid,N/A,Medium,https://site.lootstudios.com/wp-content/uploads/2022/07/FN2208AC14.png,TBC,,
Eye of The Watcher,Hendrik Greenhilt,heroes,Half-Orc,Paladin,Medium,https://site.lootstudios.com/wp-content/uploads/2022/07/FN2208AC07.png,N/A,,
Eye of The Watcher,Lamprey Watcher,enemies,Aberration,N/A,Medium,https://site.lootstudios.com/wp-content/uploads/2022/07/FN2208AC12.png,TBC,,
Eye of The Watcher,Lidda Arrowtucker,heroes,Halfling,Ranger,Small,https://site.lootstudios.com/wp-content/uploads/2022/07/FN2208AC08.png,N/A,,
Eye of The Watcher,Lidda Mount Scout Mount,heroes,Halfling/Beast,N/A,Medium,https://site.lootstudios.com/wp-content/uploads/2022/07/FN2208AC15.png,N/A,,
Eye of The Watcher,Nothail,enemies,Aberration,N/A,Medium,https://site.lootstudios.com/wp-content/uploads/2022/07/FN2208AC05.png,Nothic,Aberration,Medium
Eye of The Watcher,"Scout, Giant Corgi",heroes,Beast,Companion,Medium,https://site.lootstudios.com/wp-content/uploads/2022/07/FN2208AC09.png,N/A,,
Eye of The Watcher,Skeleton Watcher,enemies,Undead,N/A,Large,https://site.lootstudios.com/wp-content/uploads/2022/07/FN2208AC11.png,TBC,,
Eye of The Watcher,Slobbering Watcher,enemies,Aberration,N/A,Medium,https://site.lootstudios.com/wp-content/uploads/2022/07/FN2208AC10.png,Gazer,Aberration (Beholder),Tiny
Eye of The Watcher,"Ziadtroks, Elder Watcher",enemies,Abberation,N/A,Large,https://site.lootstudios.com/wp-content/uploads/2022/01/FN2208AC01.png,Beholder,Aberration,Large
Eye of The Watcher,Zobbin Lightfiddle,heroes,Rabbitfolk,Bard,Medium,https://site.lootstudios.com/wp-content/uploads/2022/07/FN2208AC06.png,N/A,,
Gathering in the Festering Swamp,Crocodile,objects,Beast,N/A,Large,https://app.lootstudios.com/wp-content/uploads/2023/05/FN2202AO06.png,Crocodile,Beast,Large
Gathering in the Festering Swamp,Festering Troll,enemies,(Giant) Troll,N/A,Large,https://site.lootstudios.com/wp-content/uploads/2022/05/FN2202AC14.png,Rot Troll,Giant,Large
Gathering in the Festering Swamp,Froggy Spearman,enemies,Frogfolk,Barbarian/Fighter,Medium,https://site.lootstudios.com/wp-content/uploads/2022/05/FN2202AC10.png,Bullywug,Humanoid (Bullywug),Medium
Gathering in the Festering Swamp,Froggy Warrior,enemies,Frogfolk,Barbarian/Fighter,Medium,https://site.lootstudios.com/wp-content/uploads/2022/05/FN2202AC09.png,Bullywug Knight,Humanoid,Medium
Gathering in the Festering Swamp,Funghy Bruiser,enemies,Plant,N/A,Large,https://site.lootstudios.com/wp-content/uploads/2022/05/FN2202AC07.png,Myconid Sovereign,Plant,Large
Gathering in the Festering Swamp,Funghy Sage,enemies,Plant,N/A,Small,https://site.lootstudios.com/wp-content/uploads/2022/05/FN2202AC04.png,Myconid Sprout,Plant,Small
Gathering in the Festering Swamp,Funghy Sentinel,enemies,Plant,N/A,Medium,https://site.lootstudios.com/wp-content/uploads/2022/05/FN2202AC05.png,Myconid Adult,Plant,Medium
Gathering in the Festering Swamp,Funghy Skirmisher,enemies,Plant,N/A,Medium,https://site.lootstudios.com/wp-content/uploads/2022/05/FN2202AC06.png,Myconid Adult,Plant,Medium
Gathering in the Festering Swamp,Giant Toad,enemies,Beast,N/A,Large,https://site.lootstudios.com/wp-content/uploads/2022/05/FN2202AC08.png,Giant Toad,Beast,Large
Gathering in the Festering Swamp,Gray Render,enemies,Stilt Walker,N/A,Medium,https://site.lootstudios.com/wp-content/uploads/2022/05/FN2202AC15.png,Gray Render,Monstrosity,Large
Gathering in the Festering Swamp,Hadarai Meliamni,heroes,Firbolg,Druid,Medium,https://site.lootstudios.com/wp-content/uploads/2022/05/FN2202AC01.png,N/A,,
Gathering in the Festering Swamp,Haunting Banshee,enemies,Undead,N/A,Medium,https://site.lootstudios.com/wp-content/uploads/2022/05/FN2202AC17.png,Banshee,Undead,Medium
Gathering in the Festering Swamp,Hill Giant,enemies,Giant,N/A,Huge,https://site.lootstudios.com/wp-content/uploads/2022/05/FN2202AC16.png,Hill Giant,Giant,Huge
Gathering in the Festering Swamp,Many-Faced Joe,heroes,Human,Ranger,Medium,https://site.lootstudios.com/wp-content/uploads/2022/05/FN2202AC02.png,N/A,,
Gathering in the Festering Swamp,Minra Balderk,heroes,Dwarf,Fighter,Medium,https://site.lootstudios.com/wp-content/uploads/2022/05/FN2202AC03.png,N/A,,
Gathering in the Festering Swamp,"Oogle, the Augenkind",bonus - oogle,Fey,N/A,Small,https://site.lootstudios.com/wp-content/uploads/2022/05/FN2202AO18.png,TBC,,
Gathering in the Festering Swamp,Salkaru,enemies,Fey,N/A,Medium,https://site.lootstudios.com/wp-content/uploads/2022/05/FN2202AC12.png,TBC,,
Gathering in the Festering Swamp,Salkaru Turtle,enemies,Beast,N/A,Medium,https://site.lootstudios.com/wp-content/uploads/2022/05/turtlesite.png,TBC,,
Gathering in the Festering Swamp,Stilt Walker,enemies,Monstrosity,N/A,Large,https://site.lootstudios.com/wp-content/uploads/2022/05/FN2202AC11.png,TBC,,
Gathering in the Festering Swamp,Swamp Drake,heroes,Dragon,N/A,Medium,https://site.lootstudios.com/wp-content/uploads/2022/05/FN2202AC18.png,Ambush Drake,Dragon,Medium
Gathering in the Festering Swamp,Turtle,objects,N/A,N/A,Tiny,https://app.lootstudios.com/wp-content/uploads/2023/05/FN2202AO15.png,N/A,,
Gathering in the Festering Swamp,"Yuferon, the Cursed",enemies,Dragon,N/A,Large,https://site.lootstudios.com/wp-content/uploads/2022/05/FN2202AC13.png,TBC,,
Goblin Mines,Bugbear Assassin,enemies,Bugbear,Rogue,Medium,https://site.lootstudios.com/wp-content/uploads/2022/06/FN2207AC09.png,Bugbear,Humanoid (Goblinoid),Medium
Goblin Mines,Devastr Scorch,heroes,Hobgoblin,Warmage,Medium,https://site.lootstudios.com/wp-content/uploads/2022/06/FN2207AC07.png,N/A,,
Goblin Mines,Giant Bat,enemies,Beast,N/A,Large,https://site.lootstudios.com/wp-content/uploads/2022/06/FN2207AC03.png,Giant Bat,Beast,Large
Goblin Mines,Goblin Archer,enemies,Goblin,Ranger,Small,https://site.lootstudios.com/wp-content/uploads/2022/06/FN2207AC11.png,Goblin,Humanoid (Goblinoid),Small
Goblin Mines,Goblin Bat Rider,enemies,Goblin,N/A,Medium,https://site.lootstudios.com/wp-content/uploads/2022/06/FN2207AC04.png,TBC,,
Goblin Mines,Goblin Bat Rider Mount,enemies,Goblin,N/A,Medium,https://site.lootstudios.com/wp-content/uploads/2022/06/FN2207AC04.png,TBC,,
Goblin Mines,Goblin Blacksmith,enemies,Goblin,N/A,Medium,https://site.lootstudios.com/wp-content/uploads/2022/06/FN2207AC14.png,Goblin,Humanoid (Goblinoid),Small
Goblin Mines,Goblin Scoundrel,enemies,Goblin,Rogue,Small,https://site.lootstudios.com/wp-content/uploads/2022/06/FN2207AC15.png,Goblin,Humanoid (Goblinoid),Small
Goblin Mines,Goblin Shaman,enemies,Goblin,Sorcerer,Small,https://site.lootstudios.com/wp-content/uploads/2022/06/FN2207AC16.png,Goblin,Humanoid (Goblinoid),Small
Goblin Mines,Goblin Warrior,enemies,Goblin,Fighter,Small,https://site.lootstudios.com/wp-content/uploads/2022/06/FN2207AC13.png,Goblin,Humanoid (Goblinoid),Small
Goblin Mines,Hobgoblin Berserker,enemies,Hobgoblin,Barbarian,Medium,https://site.lootstudios.com/wp-content/uploads/2022/06/FN2207AC17.png,Hobgoblin,Humanoid (Goblinoid),Medium
Goblin Mines,Jade Song,heroes,Human,Monk,Medium,https://site.lootstudios.com/wp-content/uploads/2022/06/FN2207AC08.png,N/A,,
Goblin Mines,Looting Goblin,enemies,Goblin,Rogue,Small,https://site.lootstudios.com/wp-content/uploads/2022/06/FN2207AC10.png,Goblin,Humanoid (Goblinoid),Small
Goblin Mines,Nilbog,enemies,Goblin,Sorcerer,Small,https://site.lootstudios.com/wp-content/uploads/2022/06/FN2207AC12.png,Nilbog,Fey (Goblinoid),Small
Goblin Mines,"Slugor, Goblin King",enemies,Goblin,N/A,Large,https://site.lootstudios.com/wp-content/uploads/2022/06/FN2207AC01.png,TBC,,
Goblin Mines,"The ""Head Hunter""",heroes,Human,Fighter,Medium,https://site.lootstudios.com/wp-content/uploads/2022/06/FN2207AC06.png,N/A,,
Goblin Mines,Troll-Blooded Goblin,enemies,N/A,N/A,Huge,https://site.lootstudios.com/wp-content/uploads/2022/06/FN2207AC02.png,N/A,,
Goblin Mines,Werebat Goblin,enemies,Humanoid,N/A,Medium,https://site.lootstudios.com/wp-content/uploads/2022/06/FN2207AC05.png,TBC,,
Goblin Trouble,Barghest,enemies,Barghest,N/A,Large,https://site.lootstudios.com/wp-content/uploads/2022/05/FN2006AC01.png,Barghest,Fiend,Large
Goblin Trouble,Bugbear brute,enemies,Bugbear,Barbarian,Medium,https://site.lootstudios.com/wp-content/uploads/2022/05/FN2006AC02.png,Bugbear,Humanoid (Goblinoid),Medium
Goblin Trouble,Cormah Shasan,heroes,Elf,Druid,Medium,https://site.lootstudios.com/wp-content/uploads/2022/05/FN2006AC09.png,N/A,,
Goblin Trouble,Dog Rider,enemies,Goblin,Fighter,Small,https://site.lootstudios.com/wp-content/uploads/2022/05/FN2006AC05.png,Worg,Monstrosity,Large
Goblin Trouble,Goblin Lancer,enemies,Goblin,Fighter,Small,https://site.lootstudios.com/wp-content/uploads/2022/05/FN2006AC06.png,Goblin,Humanoid (Goblinoid),Small
Goblin Trouble,Goblin Soldier,enemies,Goblin,Fighter,Small,https://site.lootstudios.com/wp-content/uploads/2022/05/FN2006AC07.png,Goblin,Humanoid (Goblinoid),Small
Goblin Trouble,Goblin Swords,enemies,Goblin,Barbarian,Small,https://site.lootstudios.com/wp-content/uploads/2022/05/FN2006AC08.png,Goblin,Humanoid (Goblinoid),Small
Goblin Trouble,Hobgoblin 1,enemies,Goblin,Ranger,Medium,https://site.lootstudios.com/wp-content/uploads/2022/05/FN2006AC03.png,Hobgoblin,Humanoid (Goblinoid),Medium
Goblin Trouble,Hobgoblin 2,enemies,Hobgoblin,Ranger,Medium,https://site.lootstudios.com/wp-content/uploads/2022/05/FN2006AC04.png,Hobgoblin,Humanoid (Goblinoid),Medium
Goblin Trouble,Jhonny Trinity,heroes,Human,Ranger/Rogue,Medium,https://site.lootstudios.com/wp-content/uploads/2022/05/FN2006AC10.png,N/A,,
Goblin Trouble,Sunathaer Caex,heroes,Dragonborn,Fighter/Paladin,Medium,https://site.lootstudios.com/wp-content/uploads/2022/05/FN2006AC11.png,N/A,,
Going Down the Drain,A7 Butler,npcs,Battleforged,N/A,Medium,https://site.lootstudios.com/wp-content/uploads/2022/07/FN2011AC15.png,TBC,,
Going Down the Drain,Aboleth,enemies,Aberration,N/A,Huge,https://site.lootstudios.com/wp-content/uploads/2022/05/FN2011AC04.png,Aboleth,Aberration,Large
Going Down the Drain,Bashir Khan,heroes,Human,Warlock,Medium,https://site.lootstudios.com/wp-content/uploads/2022/05/FN2011AC03.png,N/A,,
Going Down the Drain,Darkray,enemies,Monstrosity,N/A,Medium,https://site.lootstudios.com/wp-content/uploads/2022/05/FN2011AC14.png,Cloaker,Aberration,Large
Going Down the Drain,Female Merrow,enemies,Monstrosity,N/A,Large,https://site.lootstudios.com/wp-content/uploads/2022/05/FN2011AC13.png,Merrow,Monstrosity,Large
Going Down the Drain,Fishman 1,enemies,Fishman,N/A,Medium,https://site.lootstudios.com/wp-content/uploads/2022/05/FN2011AC07.png,Kuo-Toa,Humanoid (Kuo-Toa),Medium
Going Down the Drain,Fishman 2,enemies,Fishman,N/A,Medium,https://site.lootstudios.com/wp-content/uploads/2022/05/FN2011AC08.png,Kuo-Toa,Humanoid (Kuo-Toa),Medium
Going Down the Drain,Fishman Archpriest,enemies,Fishman,N/A,Medium,https://site.lootstudios.com/wp-content/uploads/2022/05/FN2011AC06.png,Kuo-Toa Archpriest,Humanoid (Kuo-Toa),Medium
Going Down the Drain,Gardain Firebeard,heroes,Dwarf,Paladin,Medium,https://site.lootstudios.com/wp-content/uploads/2022/05/FN2011AC02.png,N/A,,
Going Down the Drain,Leviathan Fishman,enemies,Fishman,N/A,Large,https://site.lootstudios.com/wp-content/uploads/2022/05/FN2011AC05.png,TBC,,
Going Down the Drain,Male Merrow,enemies,Monstrosity,N/A,Large,https://site.lootstudios.com/wp-content/uploads/2022/05/FN2011AC12.png,Merrow,Monstrosity,Large
Going Down the Drain,Octopus,objects,N/A,N/A,Medium,https://app.lootstudios.com/wp-content/uploads/2023/05/FN2011AO10.png,Octopus,Beast,Small
Going Down the Drain,Octus,enemies,Aberration,N/A,Medium,https://site.lootstudios.com/wp-content/uploads/2022/05/FN2011AC09.png,TBC,,
Going Down the Drain,Sea Hag,enemies,Fey,N/A,Medium,https://site.lootstudios.com/wp-content/uploads/2022/05/FN2011AC10.png,Sea Hag,Fey,Medium
Going Down the Drain,Vanchu Spinebreaker,heroes,Half-Orc,Barbarian/Fighter,Medium,https://site.lootstudios.com/wp-content/uploads/2022/05/FN2011AC01.png,N/A,,
Going Down the Drain,Water Elemental,enemies,Elemental,N/A,Large,https://site.lootstudios.com/wp-content/uploads/2022/05/FN2011AC11.png,Water Elemental,Elemental,Large
Going Down the Drain,Zedaar Mystan,npcs,Dragonborn,Sorcerer,Medium,https://site.lootstudios.com/wp-content/uploads/2022/07/FN2011AC16.png,TBC,,
Granny's Prophecy,Annis Hag,enemies,Fey,N/A,Medium,https://site.lootstudios.com/wp-content/uploads/2022/05/FN2102AC13.png,Annis Hag,Fey,Large
Granny's Prophecy,Crowman,enemies,Crowman,Rogue,Medium,https://site.lootstudios.com/wp-content/uploads/2022/05/FN2102AC04.png,Kenku,Humanoid (Kenku),Medium
Granny's Prophecy,Fire Skull,enemies,Undead,N/A,Tiny,https://site.lootstudios.com/wp-content/uploads/2022/05/FN2102AC09.png,Flameskull,Undead,Tiny
Granny's Prophecy,Green Hag,enemies,Fey,N/A,Medium,https://site.lootstudios.com/wp-content/uploads/2022/05/FN2102AC11.png,Green Hag,Fey,Medium
Granny's Prophecy,Green Hag - Mounted,enemies,Fey,N/A,Medium,https://site.lootstudios.com/wp-content/uploads/2022/05/FN2102AC20.png,Green Hag,Fey,Medium
Granny's Prophecy,Gretel,npcs,Human,N/A,Small,https://site.lootstudios.com/wp-content/uploads/2022/05/FN2102AC18.png,TBC,,
Granny's Prophecy,Hansel,npcs,Human,N/A,Small,https://site.lootstudios.com/wp-content/uploads/2022/05/FN2102AC17.png,TBC,,
Granny's Prophecy,John Gareth,heroes,Human,Witch Hunter/Ranger/Rogue,Medium,https://site.lootstudios.com/wp-content/uploads/2022/05/FN2102AC02.png,N/A,,
Granny's Prophecy,Living Armor,enemies,Construct,N/A,Medium,https://site.lootstudios.com/wp-content/uploads/2022/05/FN2102AC06.png,Animated Armor,Construct,Medium
Granny's Prophecy,Mary Arsys,heroes,Half-elf,Ranger,Medium,https://site.lootstudios.com/wp-content/uploads/2022/05/FN2102AC01.png,N/A,,
Granny's Prophecy,Night Hag,enemies,Fiend (Devil),N/A,Medium,https://site.lootstudios.com/wp-content/uploads/2022/05/FN2102AC12.png,Night Hag,Fiend,Medium
Granny's Prophecy,Ogre,enemies,(Giant) Ogre,N/A,Large,https://site.lootstudios.com/wp-content/uploads/2022/05/FN2102AC07.png,Ogre,Giant,Large
Granny's Prophecy,Ogre Mage,enemies,(Giant) Ogre,N/A,Large,https://site.lootstudios.com/wp-content/uploads/2022/05/FN2102AC08.png,Ogre,Giant,Large
Granny's Prophecy,Shadow Mastiff,enemies,Monstrosity,N/A,Medium,https://site.lootstudios.com/wp-content/uploads/2022/05/FN2102AC05.png,Shadow Mastiff,Monstrosity,Medium
Granny's Prophecy,Shambling Mound,enemies,Plant,N/A,Large,https://site.lootstudios.com/wp-content/uploads/2022/05/FN2102AC10.png,Shambling Mound,Plant,Large
Granny's Prophecy,Thevius,heroes,Tiefling,Ranger/Rogue,Medium,https://site.lootstudios.com/wp-content/uploads/2022/05/FN2102AC03.png,N/A,,
It's A(nother) Trap!,Alexandra Uthgarde,heroes,Human,Paladin,Medium,https://site.lootstudios.com/wp-content/uploads/2022/05/FN2107AC01.png,N/A,,
It's A(nother) Trap!,Black Bear,enemies,Beast,N/A,Medium,https://site.lootstudios.com/wp-content/uploads/2022/05/FN2107AC04.png,Black Bear,Beast,Medium
It's A(nother) Trap!,"Brocc ""Badger"" Garrick",heroes,Gnome,Barbarian,Medium,https://site.lootstudios.com/wp-content/uploads/2022/05/FN2107AC02.png,N/A,,
It's A(nother) Trap!,Captive Gnome,npcs,Gnome,N/A,Small,https://app.lootstudios.com/wp-content/uploads/2023/05/FN2107AC20.png,TBC,,
It's A(nother) Trap!,Dire Weasel Rider,enemies,Kobold/Beast,Fighter,Medium,https://site.lootstudios.com/wp-content/uploads/2022/05/FN2107AC05.png,TBC,,
It's A(nother) Trap!,Flying Kobold,enemies,Kobold,Rogue/Sorcerer,Medium,https://site.lootstudios.com/wp-content/uploads/2022/05/FN2107AC06.png,Kobold,Humanoid (Kobold),Small
It's A(nother) Trap!,Giant Lizard,enemies,Beast,N/A,Medium,https://site.lootstudios.com/wp-content/uploads/2022/05/FN2107AC07.png,Giant Lizard,Beast,Large
It's A(nother) Trap!,Gnome Barbecue,npcs,Gnome,N/A,Small,https://app.lootstudios.com/wp-content/uploads/2023/05/FN2107AC21.png,TBC,,
It's A(nother) Trap!,Kobold Arbalist,enemies,Kobold,Ranger/Rogue,Medium,https://site.lootstudios.com/wp-content/uploads/2022/05/FN2107AC08.png,Kobold,Humanoid (Kobold),Small
It's A(nother) Trap!,Kobold Beast-Wrangler,enemies,Kobold,Fighter,Medium,https://site.lootstudios.com/wp-content/uploads/2022/05/FN2107AC09.png,Kobold Inventor,Humanoid,Small
It's A(nother) Trap!,Kobold Miner,enemies,Kobold,N/A,Medium,https://site.lootstudios.com/wp-content/uploads/2022/05/FN2107AC10.png,Kobold,Humanoid (Kobold),Small
It's A(nother) Trap!,Kobold Shaman,enemies,Kobold,Druid/Warlock,Medium,https://site.lootstudios.com/wp-content/uploads/2022/05/FN2107AC11.png,Kobold Scale Sorcerer,Humanoid,Small
It's A(nother) Trap!,Kobold Sorcerer,enemies,Kobold,Sorcerer/Warlock,Large,https://site.lootstudios.com/wp-content/uploads/2022/05/FN2107AC12.png,Kobold Scale Sorcerer,Humanoid,Small
It's A(nother) Trap!,Kobold Spearman,enemies,Kobold,Fighter,Large,https://site.lootstudios.com/wp-content/uploads/2022/05/FN2107AC13.png,Kobold,Humanoid (Kobold),Small
It's A(nother) Trap!,Kobold Trapmaker,enemies,Kobold,Ranger,Medium,https://site.lootstudios.com/wp-content/uploads/2022/05/FN2107AC14.png,Kobold,Humanoid (Kobold),Small
It's A(nother) Trap!,Lizard Rider,enemies,Lizardfolk/Beast,Barbarian/Fighter,Large,https://site.lootstudios.com/wp-content/uploads/2022/05/FN2107AC16.png,TBC,,
It's A(nother) Trap!,Lizardfolk,enemies,Lizardfolk,Barbarian/Fighter,Large,https://site.lootstudios.com/wp-content/uploads/2022/05/FN2107AC15.png,Lizardfolk,Humanoid (Lizardfolk),Medium
It's A(nother) Trap!,"Mirsudirth, Champion of Volcanoes",heroes,Human,Sorcerer,Medium,https://site.lootstudios.com/wp-content/uploads/2022/05/FN2107AC03.png,N/A,,
It's A(nother) Trap!,Monitor Lizard,enemies,Beast,N/A,Medium,https://site.lootstudios.com/wp-content/uploads/2022/05/FN2107AC17.png,TBC,,
It's A(nother) Trap!,Red Dragon Wyrmling,enemies,Red Dragon Wyrmling,N/A,Medium,https://site.lootstudios.com/wp-content/uploads/2022/05/FN2107AC19.png,Red Dragon Wyrmling,Dragon (Chromatic),Medium
It's A(nother) Trap!,Troglodyte,enemies,Troglodyte,N/A,Medium,https://site.lootstudios.com/wp-content/uploads/2022/05/FN2107AC18.png,Troglodyte,Humanoid (Troglodyte),Medium
Lair of Liars,Armored Dire Hound,enemies,Beast,N/A,Medium,https://site.lootstudios.com/wp-content/uploads/2022/12/FN2301AC08.png,TBC,,
Lair of Liars,Bandit Captain,enemies,Human,Rogue,Medium,https://site.lootstudios.com/wp-content/uploads/2022/12/FN2301AC13.png,Bandit Captain,Humanoid (Any Race),Medium
Lair of Liars,Bax Female Form,heroes,Changeling,Fighter/ Ranger/Rogue,Medium,https://site.lootstudios.com/wp-content/uploads/2022/12/FN2301AC05.png,N/A,,
Lair of Liars,Bax Male Form,heroes,Changeling,Fighter/ Ranger/Rogue,Medium,https://site.lootstudios.com/wp-content/uploads/2022/12/FN2301AC04.png,N/A,,
Lair of Liars,Bulked Up Thug,enemies,Human,Barbarian,Medium,https://site.lootstudios.com/wp-content/uploads/2022/12/FN2301AC12.png,TBC,,
Lair of Liars,Eyegouger Guardian Drake,enemies,Dragon,N/A,Large,https://site.lootstudios.com/wp-content/uploads/2022/12/FN2301AC02.png,TBC,,
Lair of Liars,Franky Shady Merchant,enemies,Human,Merchant,Medium,https://site.lootstudios.com/wp-content/uploads/2022/12/FN2301AC10.png,TBC,,
Lair of Liars,Gnome Crossbowman,enemies,Gnome,Archer,Small,https://site.lootstudios.com/wp-content/uploads/2022/12/FN2301AC14.png,TBC,,
Lair of Liars,Hala Faheem,heroes,Soulknife,Rogue,Medium,https://site.lootstudios.com/wp-content/uploads/2022/12/FN2301AC06.png,N/A,,
Lair of Liars,Half Blind Bob,enemies,Giant,Cyclops,Large,https://site.lootstudios.com/wp-content/uploads/2022/12/FN2301AC15.png,TBC,,
Lair of Liars,LL Prisoner,objects,N/A,N/A,Medium,https://app.lootstudios.com/wp-content/uploads/2023/05/FN2301AO12.png,N/A,,
Lair of Liars,Marina Sherman,heroes,Human,Ranger,Medium,https://site.lootstudios.com/wp-content/uploads/2022/12/FN2301AC03.png,N/A,,
Lair of Liars,One Eyed Rogue,enemies,Human,Rogue,Medium,https://site.lootstudios.com/wp-content/uploads/2022/12/FN2301AC11.png,TBC,,
Lair of Liars,Sgt Sleezy Sam,enemies,Human,Fighter,Medium,https://site.lootstudios.com/wp-content/uploads/2022/12/FN2301AC16.png,TBC,,
Lair of Liars,Skulking Rogue,enemies,Human,Rogue,Medium,https://site.lootstudios.com/wp-content/uploads/2022/12/FN2301AC09.png,TBC,,
Lair of Liars,Smiling Debra the Cruel,enemies,Human,Rogue,Medium,https://site.lootstudios.com/wp-content/uploads/2022/12/FN2301AC07.png,TBC,,
Lair of Liars,Smiling Debra the Cruel Sitting,enemies,Human,Rogue,Medium,https://site.lootstudios.com/wp-content/uploads/2022/12/FN2301AC22.png,TBC,,
Lair of Liars,Treasure Golem,enemies,Construct,N/A,Large,https://site.lootstudios.com/wp-content/uploads/2022/12/FN2301AC01.png,TBC,,
Loxwort Academy,"Betty, Abjurer Apprentice",heroes,Human,Cleric Wizard,Medium,https://site.lootstudios.com/wp-content/uploads/2023/01/FN2303AC08.png,N/A,,
Loxwort Academy,"Boitata, Fire Snake",npcs,Monstrosity,N/A,Large,https://site.lootstudios.com/wp-content/uploads/2023/01/FN2303AC15.png,TBC,,
Loxwort Academy,Drakeling Familiar,npcs,Fey Fiend Monstrosity,N/A,Tiny,https://site.lootstudios.com/wp-content/uploads/2023/01/FN2303AC18.png,TBC,,
Loxwort Academy,"Eililys, Master Herbologist",heroes,Gnome,Druid Wizard,Small,https://site.lootstudios.com/wp-content/uploads/2023/01/FN2303AC04.png,N/A,,
Loxwort Academy,Floating Cloak,objects,N/A,N/A,Medium,https://app.lootstudios.com/wp-content/uploads/2023/05/FN2303AO02.png,N/A,,
Loxwort Academy,Flying Carpet,objects,N/A,N/A,Large,https://app.lootstudios.com/wp-content/uploads/2023/05/FN2303AO13.png,N/A,,
Loxwort Academy,Griffling Familiar,npcs,Fey Fiend Monstrosity,N/A,Tiny,https://site.lootstudios.com/wp-content/uploads/2023/01/FN2303AC16.png,TBC,,
Loxwort Academy,"Haraldin, Master Diviner",heroes,Human,Wizard,Medium,https://site.lootstudios.com/wp-content/uploads/2023/01/FN2303AC09.png,N/A,,
Loxwort Academy,Headmaster Savros,heroes,Human,Wizard,Medium,https://site.lootstudios.com/wp-content/uploads/2023/01/FN2303AC02.png,N/A,,
Loxwort Academy,"Irunda, Master Necromancer",heroes,Human,Necromancer Wizard,Medium,https://site.lootstudios.com/wp-content/uploads/2023/01/FN2303AC03.png,N/A,,
Loxwort Academy,"Merjar, Master Evoker",heroes,Dragonborn,Sorecerer Wizard,Medium,https://site.lootstudios.com/wp-content/uploads/2023/01/FN2303AC05.png,N/A,,
Loxwort Academy,"Oliver, Illusionist Apprentice",heroes,Human,Wizard,Medium,https://site.lootstudios.com/wp-content/uploads/2023/01/FN2303AC12.png,N/A,,
Loxwort Academy,Regal Griffon,npcs,Monstrosity,N/A,Large,https://site.lootstudios.com/wp-content/uploads/2023/01/FN2303AC14.png,Griffon,Monstrosity,Large
Loxwort Academy,"Robert, Master Transmuter",heroes,Human,Wizard,Medium,https://site.lootstudios.com/wp-content/uploads/2023/01/FN2303AC11.png,N/A,,
Loxwort Academy,"Savrosh'garexys, Lorewyrm",heroes,Dragon,N/A,Huge,https://site.lootstudios.com/wp-content/uploads/2023/01/FN2303AC01.png,Beledros Witherbloom,Dragon,Gargantuan
Loxwort Academy,"Shaemon, Master Hexblade",heroes,Tiefling,Warlock/Wizard,Medium,https://site.lootstudios.com/wp-content/uploads/2023/01/FN2303AC10.png,N/A,,
Loxwort Academy,"Sheera, Pyromancer Apprentice",heroes,Elf,Wizard,Medium,https://site.lootstudios.com/wp-content/uploads/2023/01/FN2303AC13.png,N/A,,
Loxwort Academy,Smartmouse Familiar,npcs,Fey Fiend Monstrosity,N/A,Tiny,https://site.lootstudios.com/wp-content/uploads/2023/01/FN2303AC17.png,TBC,,
Loxwort Academy,Smoke Elemental Unicorn,npcs,Elemental Fey,N/A,Large,https://site.lootstudios.com/wp-content/uploads/2023/01/FN2303AC07.png,TBC,,
Loxwort Academy,"Zilgrim, Master Conjurer",heroes,Gnome,Conjurer Wizard,Small,https://site.lootstudios.com/wp-content/uploads/2023/01/FN2303AC06.png,N/A,,
Night Hunters,Amber Tepes,heroes,Humanoid (Dhampir),Fighter/Paladin,Medium,https://site.lootstudios.com/wp-content/uploads/2022/09/FN2210AC02.png,N/A,,
Night Hunters,Draft Horse,objects,Beast,N/A,Large,https://app.lootstudios.com/wp-content/uploads/2023/05/FN2210AO02.png,Draft Horse,Beast,Large
Night Hunters,Ghost of Brienne Crimson,enemies,Undead,N/A,Medium,https://site.lootstudios.com/wp-content/uploads/2022/09/FN2210AC15.png,TBC,,
Night Hunters,Headless Horseman,enemies,Undead,N/A,Large,https://site.lootstudios.com/wp-content/uploads/2022/01/FN2210AC10.png,TBC,,
Night Hunters,Jeanne Byrne,heroes,Human,Cleric,Medium,https://site.lootstudios.com/wp-content/uploads/2022/09/FN2210AC05.png,N/A,,
Night Hunters,"Lord Crimson, Demonic Vampire",enemies,Vampire,N/A,Medium,https://site.lootstudios.com/wp-content/uploads/2022/09/FN2210AC01.png,TBC,,
Night Hunters,Loup Garou,enemies,Humanoid (Werewolf),N/A,Large,https://site.lootstudios.com/wp-content/uploads/2022/09/FN2210AC09.png,TBC,,
Night Hunters,Master Puppet,enemies,Construct,N/A,Medium,https://site.lootstudios.com/wp-content/uploads/2022/09/FN2210AC11.png,TBC,,
Night Hunters,Nosferatu,enemies,Undead,N/A,Medium,https://site.lootstudios.com/wp-content/uploads/2022/09/FN2210AC12.png,Vampire,Undead,Medium
Night Hunters,Plague Doctor,enemies,Human,Artificer/Fighter,Medium,https://site.lootstudios.com/wp-content/uploads/2022/09/FN2210AC14.png,TBC,,
Night Hunters,Roderick Vanherald,heroes,Human,Paladin,Medium,https://site.lootstudios.com/wp-content/uploads/2022/09/FN2210AC03.png,N/A,,
Night Hunters,Roderick Vanherald Hybrid Form,heroes,Humanoid (Werewolf),Paladin,Medium,https://site.lootstudios.com/wp-content/uploads/2022/09/FN2210AC04.png,Werewolf,Humanoid,Medium
Night Hunters,Transforming Werewolf,enemies,Humanoid (Werewolf),N/A,Medium,https://site.lootstudios.com/wp-content/uploads/2022/09/FN2210AC06.png,Werewolf,Humanoid,Medium
Night Hunters,Vampiric Child,enemies,Undead,N/A,Small,https://site.lootstudios.com/wp-content/uploads/2022/09/FN2210AC13.png,TBC,,
Night Hunters,Werewolf,enemies,Humanoid (Werewolf),N/A,Medium,https://site.lootstudios.com/wp-content/uploads/2022/09/FN2210AC08.png,Werewolf,Humanoid,Medium
Night Hunters,Werewolf Humanoid Form,enemies,Humanoid (Werewolf),N/A,Medium,https://site.lootstudios.com/wp-content/uploads/2022/09/FN2210AC16.png,Werewolf,Humanoid,Medium
Night Hunters,Wild Werewolf,enemies,Humanoid (Werewolf),N/A,Medium,https://site.lootstudios.com/wp-content/uploads/2022/09/FN2210AC07.png,Werewolf,Humanoid,Medium
Nightmares of the Abyss,Abyssal Maw,enemies,Fiend (Demon),N/A,Medium,https://site.lootstudios.com/wp-content/uploads/2022/05/FN2206AC07.png,Maw Demon,Fiend (Demon),Medium
Nightmares of the Abyss,Arthos the Conqueror,heroes,Humanoid,Oathbreaker Paladin,Medium,https://site.lootstudios.com/wp-content/uploads/2022/05/FN2206AC13.png,N/A,,
Nightmares of the Abyss,Bone Demon,enemies,Fiend (Demon),N/A,Medium,https://site.lootstudios.com/wp-content/uploads/2022/05/FN2206AC11.png,TBC,,
Nightmares of the Abyss,Cahpetyn,enemies,Fiend (Demon),N/A,Small,https://site.lootstudios.com/wp-content/uploads/2022/05/FN2206AC06.png,Manes,Fiend (Demon),Small
Nightmares of the Abyss,Cultist Amalgam,enemies,Undead,N/A,Medium,https://site.lootstudios.com/wp-content/uploads/2022/05/FN2206AC12.png,TBC,,
Nightmares of the Abyss,Death Knight,enemies,Undead,Paladin,Medium,https://site.lootstudios.com/wp-content/uploads/2022/05/FN2206AC02.png,Death Knight,Undead,Medium
Nightmares of the Abyss,Glabrezu,enemies,Fiend (Demon),N/A,Large,https://site.lootstudios.com/wp-content/uploads/2022/05/FN2206AC08.png,Glabrezu,Fiend (Demon),Large
Nightmares of the Abyss,Hezrou,enemies,Fiend (Demon),N/A,Large,https://site.lootstudios.com/wp-content/uploads/2022/05/FN2206AC04.png,Hezrou,Fiend (Demon),Large
Nightmares of the Abyss,Kairon the Arcane,heroes,Tiefling,Wizard,Medium,https://site.lootstudios.com/wp-content/uploads/2022/05/FN2206AC14.png,N/A,,
Nightmares of the Abyss,Nalfeshnee,enemies,Fiend (Demon),N/A,Large,https://site.lootstudios.com/wp-content/uploads/2022/05/FN2206AC10.png,Nalfeshnee,Fiend (Demon),Large
Nightmares of the Abyss,"Od'Dracne, Demon Lord of Bones",enemies,Fiend (Demon),N/A,Huge,https://site.lootstudios.com/wp-content/uploads/2022/05/FN2206AC01.png,Orcus,Fiend (Demon),Huge
Nightmares of the Abyss,Quasit,enemies,Fiend (Demon),N/A,Tiny,https://site.lootstudios.com/wp-content/uploads/2022/05/FN2206AC05.png,Quasit,"Fiend (Demon, Shapechanger)",Tiny
Nightmares of the Abyss,Shadow Demon,enemies,Fiend (Demon),N/A,Medium,https://site.lootstudios.com/wp-content/uploads/2022/05/FN2206AC03.png,Shadow Demon,Fiend (Demon),Medium
Nightmares of the Abyss,Vrock,enemies,Fiend (Demon),N/A,Large,https://site.lootstudios.com/wp-content/uploads/2022/05/FN2206AC09.png,Vrock,Fiend,Large
Nightmares of the Abyss,Zoe the Marauder,heroes,Human,Demon Slayer,Medium,https://site.lootstudios.com/wp-content/uploads/2022/05/FN2206AC15.png,N/A,,
Of Brains and Tentacles,Alberus Ribeirus,heroes,Human,Wizard,Medium,https://site.lootstudios.com/wp-content/uploads/2022/05/FN2106AC01.png,N/A,,
Of Brains and Tentacles,Brainy Dogs,enemies,Aberration,N/A,Tiny,https://site.lootstudios.com/wp-content/uploads/2022/07/43.png,Intellect Devourer,Aberration,Tiny
Of Brains and Tentacles,Brawny Brain,enemies,Aberration,N/A,Large,https://site.lootstudios.com/wp-content/uploads/2022/05/FN2106AC06.png,TBC,,
Of Brains and Tentacles,Chaos Magician,enemies,Aberration,N/A,Medium,https://site.lootstudios.com/wp-content/uploads/2022/05/FN2106AC07.png,Mind Flayer,Aberration,Medium
Of Brains and Tentacles,Cthulhuean Roper,enemies,Aberration,N/A,Large,https://site.lootstudios.com/wp-content/uploads/2022/05/FN2106AC08.png,Roper,Monstrosity,Large
Of Brains and Tentacles,Cthulhufolk,enemies,Aberration,N/A,Medium,https://site.lootstudios.com/wp-content/uploads/2022/05/FN2106AC09.png,Mind Flayer,Aberration,Medium
Of Brains and Tentacles,Cthulhu's Chosen,enemies,Aberration,N/A,Large,https://site.lootstudios.com/wp-content/uploads/2022/05/FN2106AC10.png,Mind Flayer,Aberration,Medium
Of Brains and Tentacles,Cthulhu's Mucus,enemies,Ooze,N/A,Medium,https://site.lootstudios.com/wp-content/uploads/2022/07/44.png,TBC,,
Of Brains and Tentacles,Dracthulhu,enemies,Aberration,N/A,Huge,https://site.lootstudios.com/wp-content/uploads/2022/05/FN2106AC12.png,TBC,,
Of Brains and Tentacles,Grimlock,enemies,Grimlock,N/A,Medium,https://site.lootstudios.com/wp-content/uploads/2022/05/FN2106AC13.png,Grimlock,Humanoid (Grimlock),Medium
Of Brains and Tentacles,Hivemind Mice,enemies,Aberration,N/A,Medium,https://site.lootstudios.com/wp-content/uploads/2022/05/FN2106AC14.png,Swarm of Cranium Rats,Swarm Of Tiny Aberrations,Medium
Of Brains and Tentacles,Lokdor,heroes,Half-Giant,Barbarian/Fighter,Medium,https://site.lootstudios.com/wp-content/uploads/2022/05/FN2106AC02.png,N/A,,
Of Brains and Tentacles,Mother Brain,enemies,Aberration,N/A,Large,https://site.lootstudios.com/wp-content/uploads/2022/05/FN2106AC15.png,Elder Brain,Aberration (Mind Flayer),Large
Of Brains and Tentacles,Mucus Lady,enemies,Ooze,N/A,Medium,https://app.lootstudios.com/wp-content/uploads/2023/05/44.png,TBC,,
Of Brains and Tentacles,Mythos Amplifier,enemies,Aberration,N/A,Large,https://site.lootstudios.com/wp-content/uploads/2022/05/FN2106AC16.png,TBC,,
Of Brains and Tentacles,Terrified Man,npcs,Human,N/A,Medium,https://site.lootstudios.com/wp-content/uploads/2022/05/FN2106AC18.png,TBC,,
Of Brains and Tentacles,Terrified Woman,npcs,Human,N/A,Medium,https://site.lootstudios.com/wp-content/uploads/2022/05/FN2106AC19.png,TBC,,
Of Brains and Tentacles,Thagquog,enemies,Thagquog,N/A,Medium,https://site.lootstudios.com/wp-content/uploads/2022/05/FN2106AC17.png,TBC,,
Of Brains and Tentacles,Xylith Vrylas,heroes,Astral Walker,Fighter/Warlock,Medium,https://site.lootstudios.com/wp-content/uploads/2022/05/FN2106AC03.png,N/A,,
Orconspiracy,Auroch Rider,enemies,Orc,Barbarian/Fighter,Large,https://site.lootstudios.com/wp-content/uploads/2022/05/FN2101AC12.png,TBC,,
Orconspiracy,Goro,enemies,Orc,Barbarian/Fighter,Medium,https://site.lootstudios.com/wp-content/uploads/2022/05/FN2101AC08.png,Orc,Humanoid (Orc),Medium
Orconspiracy,Grub the One-Eyed,enemies,Orc,Barbarian/Fighter,Medium,https://site.lootstudios.com/wp-content/uploads/2022/05/FN2101AC09.png,Orc,Humanoid (Orc),Medium
Orconspiracy,Lazgar Devoted,enemies,Orc,Barbarian,Medium,https://site.lootstudios.com/wp-content/uploads/2022/05/FN2101AC11.png,TBC,,
Orconspiracy,"Madam Ave, the Fortune Teller",npcs,Human,N/A,Medium,https://site.lootstudios.com/wp-content/uploads/2022/05/FN2101AC20.png,Madam Eva,Humanoid,Medium
Orconspiracy,Merric Tealeaf,heroes,Halfling,Rogue,Small,https://site.lootstudios.com/wp-content/uploads/2022/05/FN2101AC01.png,N/A,,
Orconspiracy,Natasha Blaine,heroes,Human,Bard,Medium,https://site.lootstudios.com/wp-content/uploads/2022/05/FN2101AC02.png,N/A,,
Orconspiracy,Orc Archer,enemies,Orc,Fighter/Ranger,Medium,https://site.lootstudios.com/wp-content/uploads/2022/05/FN2101AC07.png,Orc,Humanoid (Orc),Medium
Orconspiracy,Orc Shaman,enemies,Orc,Druid/Sorcerer,Medium,https://site.lootstudios.com/wp-content/uploads/2022/05/FN2101AC04.png,Orc,Humanoid (Orc),Medium
Orconspiracy,Orc Warrior - Female,enemies,Orc,Barbarian/Fighter,Medium,https://site.lootstudios.com/wp-content/uploads/2022/05/FN2101AC06.png,Orc,Humanoid (Orc),Medium
Orconspiracy,Orc Warrior - Male,enemies,Orc,Barbarian/Fighter,Medium,https://site.lootstudios.com/wp-content/uploads/2022/05/FN2101AC05.png,Orc,Humanoid (Orc),Medium
Orconspiracy,Orgug Lots-of-Bolts,enemies,Orc,Barbarian/Fighter,Medium,https://site.lootstudios.com/wp-content/uploads/2022/05/FN2101AC10.png,Orc,Humanoid (Orc),Medium
Orconspiracy,"Orguss, the Tall",enemies,Young Green Dragon,N/A,Large,https://site.lootstudios.com/wp-content/uploads/2022/05/FN2101AC15.png,Young Green Dragon,Dragon,Large
Orconspiracy,Orianna Phelaia,heroes,Tiefling,Sorcerer,Medium,https://site.lootstudios.com/wp-content/uploads/2022/05/FN2101AC03.png,N/A,,
Orconspiracy,Troll,enemies,(Giant) Troll,N/A,Large,https://site.lootstudios.com/wp-content/uploads/2022/05/FN2101AC13.png,Troll,Giant,Large
Orconspiracy,Wereboar,enemies,Wereboar,N/A,Medium,https://site.lootstudios.com/wp-content/uploads/2022/05/FN2101AC14.png,Wereboar,Humanoid,Medium
Pact of Greed,Areli Sunmane,heroes,Catfolk,Humanoid,Medium,https://site.lootstudios.com/wp-content/uploads/2023/06/SUNMANE.png,N/A,,
Pact of Greed,"Avaritium, Lord of Contracts",enemies,Demon or Devil,Fiend,Large,https://site.lootstudios.com/wp-content/uploads/2023/06/AVARITIUM.png,TBC,,
Pact of Greed,Contract Holder,enemies,Demon or Devil,Fiend,Medium,https://site.lootstudios.com/wp-content/uploads/2023/06/HOLDER.png,TBC,,
Pact of Greed,Debt Chainer,enemies,Demon or Devil,Fiend,Medium,https://site.lootstudios.com/wp-content/uploads/2023/06/CHAINER.png,TBC,,
Pact of Greed,Eve Fargrace,heroes,Human,N/A,Medium,https://site.lootstudios.com/wp-content/uploads/2023/06/FARGRACE.png,N/A,,
Pact of Greed,High Sorcerer Grigori,enemies,Human,Humanoid,Medium,https://site.lootstudios.com/wp-content/uploads/2023/06/GRIGORI.png,TBC,,
Pact of Greed,"Lienn, Blade of Greed",enemies,Demon or Devil,Fiend,Large,https://site.lootstudios.com/wp-content/uploads/2023/06/LIENN.png,TBC,,
Pact of Greed,Niman Lighthammer,heroes,Human,Cleric,Medium,https://site.lootstudios.com/wp-content/uploads/2023/06/LIGHTHAMMER.png,N/A,,
Pact of Greed,Prince Mirza Emorion,enemies,Human,Humanoid,Medium,https://site.lootstudios.com/wp-content/uploads/2023/06/PRINCE-EMORION.png,TBC,,
Pact of Greed,Princess Ulmira Emorion,enemies,Human,Humanoid,Medium,https://site.lootstudios.com/wp-content/uploads/2023/06/PRINCESS-EMORION.png,TBC,,
Pact of Greed,Scrivener Imp,enemies,Demon or Devil,Fiend,Medium,https://site.lootstudios.com/wp-content/uploads/2023/06/IMP.png,TBC,,
Pact of Greed,Soul Jailer,enemies,Demon or Devil,Fiend,Large,https://site.lootstudios.com/wp-content/uploads/2023/06/JAILER.png,TBC,,
Pact of Greed,Thadon Kel'eh community hero,heroes,Centaur,Monstrosity,Large,https://site.lootstudios.com/wp-content/uploads/2023/06/FN2307AC16.png,Centaur,Monstrosity,Large
Pact of Greed,The Gambler,enemies,Human,Humanoid,Medium,https://site.lootstudios.com/wp-content/uploads/2023/06/GAMBLER.png,TBC,,
Pact of Greed,Umbra Torment,enemies,Demon or Devil,Fiend,Medium,https://site.lootstudios.com/wp-content/uploads/2023/06/TORMENT.png,TBC,,
Pact of Greed,"Willem, Crazed Hunter",enemies,Human,Humanoid,Medium,https://site.lootstudios.com/wp-content/uploads/2023/06/FN2307AC10.png,TBC,,
Panshaw Under Siege,Alka Myastan,heroes,Dragonkin,Rogue,Medium,https://site.lootstudios.com/wp-content/uploads/2022/05/FN2112AC01.png,N/A,,
Panshaw Under Siege,Arcane Half-Dragon,enemies,Half-Dragon,N/A,Medium,https://site.lootstudios.com/wp-content/uploads/2022/05/FN2112AC11.png,TBC,,
Panshaw Under Siege,Argenturam,dragons,Adult Silver Dragon,N/A,Huge,https://site.lootstudios.com/wp-content/uploads/2022/05/FN2112AC16.png,Adult Silver Dragon,Dragon (Metallic),Huge
Panshaw Under Siege,Armored Dragon Cultist,enemies,Human,Fighter/Paladin,Medium,https://site.lootstudios.com/wp-content/uploads/2022/05/FN2112AC08.png,TBC,,
Panshaw Under Siege,Ashgex,dragons,Adult Red Dragon,N/A,Huge,https://site.lootstudios.com/wp-content/uploads/2022/05/FN2112AC15.png,Adult Red Dragon,Dragon (Chromatic),Huge
Panshaw Under Siege,Dragon Cult's Talon,enemies,Human,Rogue,Medium,https://site.lootstudios.com/wp-content/uploads/2022/05/FN2112AC09.png,TBC,,
Panshaw Under Siege,Dragon Cult's Wise One,enemies,Human,Wizard,Medium,https://site.lootstudios.com/wp-content/uploads/2022/05/FN2112AC10.png,TBC,,
Panshaw Under Siege,Green Aqua-Wyvern,enemies,Half-Dragon,N/A,Large,https://site.lootstudios.com/wp-content/uploads/2022/05/FN2112AC12.png,TBC,,
Panshaw Under Siege,Naedan Sundew,heroes,Elf Cleric,Cleric,Medium,https://site.lootstudios.com/wp-content/uploads/2022/05/FN2112AC02.png,N/A,,
Panshaw Under Siege,Panshaw Ajax Fighter,heroes,Half-Giant,Fighter,Medium,https://site.lootstudios.com/wp-content/uploads/2022/05/FN2112AC04.png,N/A,,
Panshaw Under Siege,Panshaw BattleForged Titan,heroes,Battleforged,N/A,Large,https://site.lootstudios.com/wp-content/uploads/2022/05/FN2112AC05.png,N/A,,
Panshaw Under Siege,Panshaw Gnome Illusionist,heroes,Gnome,Wizard,Small,https://site.lootstudios.com/wp-content/uploads/2022/05/FN2112AC06.png,N/A,,
Panshaw Under Siege,Panshaw Human Archer,heroes,Human,Ranger,Medium,https://site.lootstudios.com/wp-content/uploads/2022/05/FN2112AC07.png,N/A,,
Panshaw Under Siege,Sir Richard Von Stugenberg,heroes,Human,Paladin,Medium,https://site.lootstudios.com/wp-content/uploads/2022/05/FN2112AC03.png,N/A,,
Panshaw Under Siege,Sir Richard Von Stugenberg (Mounted),heroes,N/A,N/A,Large,https://site.lootstudios.com/wp-content/uploads/2022/05/FN2112AC03.png,N/A,,
Panshaw Under Siege,Swamp Half-Dragon,enemies,Half-Dragon,N/A,Medium,https://site.lootstudios.com/wp-content/uploads/2022/05/FN2112AC13.png,TBC,,
Panshaw Under Siege,War Troll,enemies,(Giant) Troll,N/A,Large,https://site.lootstudios.com/wp-content/uploads/2022/05/FN2112AC14.png,TBC,,
Planar Cruise,Amelia Fade,heroes,Human,Summoner,Medium,https://site.lootstudios.com/wp-content/uploads/2022/05/FN2105AC03.png,N/A,,
Planar Cruise,Arcanadaemon,enemies,Fiend (Daemon),N/A,Medium,https://site.lootstudios.com/wp-content/uploads/2022/05/FN2105AC13.png,Arcanaloth,Fiend (Yugoloth),Medium
Planar Cruise,Baltazar Laxmi,heroes,Aasimar,Cleric,Medium,https://site.lootstudios.com/wp-content/uploads/2022/05/FN2105AC01.png,N/A,,
Planar Cruise,Canodaemon,enemies,Fiend (Daemon),N/A,Medium,https://site.lootstudios.com/wp-content/uploads/2022/05/FN2105AC12.png,Canoloth,Fiend (Yugoloth),Medium
Planar Cruise,Dhergodaemon,enemies,Fiend (Daemon),N/A,Medium,https://site.lootstudios.com/wp-content/uploads/2022/05/FN2105AC10.png,Dhergoloth,Fiend (Yugoloth),Medium
Planar Cruise,Hydrodaemon,enemies,Fiend (Daemon),N/A,Medium,https://site.lootstudios.com/wp-content/uploads/2022/05/FN2105AC11.png,Hydroloth,Fiend (Yugoloth),Medium
Planar Cruise,Lasher,enemies,Fiend (Daemon),N/A,Large,https://site.lootstudios.com/wp-content/uploads/2022/05/FN2105AC09.png,TBC,,
Planar Cruise,Mezzodaemon,enemies,Fiend (Daemon),N/A,Medium,https://site.lootstudios.com/wp-content/uploads/2022/05/FN2105AC06.png,Mezzoloth,Fiend (Yugoloth),Medium
Planar Cruise,Nycadaemon,enemies,Fiend (Daemon),N/A,Large,https://site.lootstudios.com/wp-content/uploads/2022/05/FN2105AC05.png,Nycaloth,Fiend (Yugoloth),Large
Planar Cruise,Plaguedaemon,enemies,Fiend (Daemon),N/A,Medium,https://site.lootstudios.com/wp-content/uploads/2022/05/FN2105AC14.png,Oinoloth,Fiend (Yugoloth),Medium
Planar Cruise,Piscodaemon,enemies,Fiend (Daemon),N/A,Medium,https://site.lootstudios.com/wp-content/uploads/2022/05/FN2105AC08.png,TBC,,
Planar Cruise,Quetzalcoalt (Amelia's Eidolon),heroes,Celestial,N/A,Medium,https://site.lootstudios.com/wp-content/uploads/2022/05/FN2105AC04.png,Couatl,Celestial,Medium
Planar Cruise,Rogdal Onyx,heroes,Earthborn,Barbarian,Medium,https://site.lootstudios.com/wp-content/uploads/2022/05/FN2105AC02.png,N/A,,
Planar Cruise,Styx Ferryman,npcs,Fiend (Daemon),N/A,Medium,https://site.lootstudios.com/wp-content/uploads/2022/05/FN2105AC16.png,TBC,,
Planar Cruise,Styx Ferryman  Vignette,npcs,Fiend (Daemon),N/A,Large,https://site.lootstudios.com/wp-content/uploads/2022/05/FN2105AC17.png,TBC,,
Planar Cruise,UltroDaemon,enemies,Fiend (Daemon),N/A,Medium,https://site.lootstudios.com/wp-content/uploads/2022/05/FN2105AC15.png,Ultroloth,Fiend,Medium
Planar Cruise,Walking Tower,objects,N/A,N/A,Gargantuan,https://app.lootstudios.com/wp-content/uploads/2023/05/FN2105AO12.png,TBC,,
Planar Cruise,Yagnodaemon,enemies,Fiend (Daemon),N/A,Large,https://site.lootstudios.com/wp-content/uploads/2022/05/FN2105AC07.png,Yagnoloth,Fiend,Large
Roar of the Everdeath,"Barator, Lich General",enemies,Undead,N/A,Large,https://site.lootstudios.com/wp-content/uploads/2023/06/Spoilers-pintados-Everdeath-2-scaled.jpg,TBC,,
Roar of the Everdeath,"Donaar Caex, Sun Monk",heroes,Dragonborn,Monk,Medium,https://site.lootstudios.com/wp-content/uploads/2023/06/Spoilers-pintados-Everdeath-9-scaled.jpg,N/A,,
Roar of the Everdeath,Ettin Zombie,enemies,Undead,N/A,Large,https://site.lootstudios.com/wp-content/uploads/2023/06/Spoilers-pintados-Everdeath-8-scaled.jpg,TBC,,
Roar of the Everdeath,Grave Scavenger,enemies,Undead,N/A,Large,https://site.lootstudios.com/wp-content/uploads/2023/06/Spoilers-pintados-Everdeath-5-scaled.jpg,TBC,,
Roar of the Everdeath,"Kuatze, Dragonborn Lich",enemies,Undead,N/A,Medium,https://site.lootstudios.com/wp-content/uploads/2023/06/Spoilers-pintados-Everdeath-13-scaled.jpg,TBC,,
Roar of the Everdeath,"Malaphar, the Deathbringer",enemies,Undead,N/A,Large,https://site.lootstudios.com/wp-content/uploads/2023/06/Spoilers-pintados-Everdeath-4-scaled.jpg,TBC,,
Roar of the Everdeath,Reanimated Dwarven Fighter,enemies,Undead,N/A,Medium,https://site.lootstudios.com/wp-content/uploads/2023/06/Spoilers-pintados-Everdeath-24-scaled.jpg,TBC,,
Roar of the Everdeath,Reanimated Orc Barbarian,enemies,Undead,N/A,Medium,https://site.lootstudios.com/wp-content/uploads/2023/06/Spoilers-pintados-Everdeath-17-scaled.jpg,TBC,,
Roar of the Everdeath,Reanimated Ranger,enemies,Undead,N/A,Medium,https://site.lootstudios.com/wp-content/uploads/2023/06/Spoilers-pintados-Everdeath-21-scaled.jpg,TBC,,
Roar of the Everdeath,Reanimated Wizard,enemies,Undead,N/A,Medium,https://site.lootstudios.com/wp-content/uploads/2023/06/Spoilers-pintados-Everdeath-15-scaled.jpg,TBC,,
Roar of the Everdeath,Skeleton Arbalist,enemies,Undead,N/A,Medium,https://site.lootstudios.com/wp-content/uploads/2023/06/Spoilers-pintados-Everdeath-27-scaled.jpg,Skeleton,Undead,Medium
Roar of the Everdeath,Skeleton Infantry,enemies,Undead,N/A,Medium,https://site.lootstudios.com/wp-content/uploads/2023/06/Spoilers-pintados-Everdeath-25-scaled.jpg,Skeleton,Undead,Medium
Roar of the Everdeath,Usgrit Dragonslayer,heroes,Dwarf,Fighter,Medium,https://site.lootstudios.com/wp-content/uploads/2023/06/Spoilers-pintados-Everdeath-20-scaled.jpg,N/A,,
Roar of the Everdeath,"Vox shax, the Everdeath",enemies,Undead,N/A,Gargantuan,https://site.lootstudios.com/wp-content/uploads/2023/01/Everdeath_Dragao-final-scaled.jpg,TBC,,
Roar of the Everdeath,"Zhandra, Arch Aasimar",heroes,Aasimar,Paladin,Medium,https://site.lootstudios.com/wp-content/uploads/2023/06/Spoilers-pintados-Everdeath-12-scaled.jpg,N/A,,
Ship Ahoy!,Alejandro Wavecrest,heroes,Waterborn,Druid,Medium,https://site.lootstudios.com/wp-content/uploads/2022/05/FN2203AC01.png,N/A,,
Ship Ahoy!,Baltazar de Cordes,enemies,Undead,N/A,Medium,https://site.lootstudios.com/wp-content/uploads/2022/05/FN2203AC08.png,Pirate Captain,Humanoid,Medium
Ship Ahoy!,Cannon Pirate,heroes,Human,N/A,Medium,https://site.lootstudios.com/wp-content/uploads/2022/05/FN2203AC02.png,N/A,,
Ship Ahoy!,"Eleanore ""The Harpy"" Gale",heroes,Human,Fighter,Medium,https://site.lootstudios.com/wp-content/uploads/2022/05/FN2203AC03.png,N/A,,
Ship Ahoy!,Eyepatch Pirate,heroes,Human,N/A,Medium,https://site.lootstudios.com/wp-content/uploads/2022/05/FN2203AC04.png,N/A,,
Ship Ahoy!,Half-sahuagin Pirate,enemies,Sahuagin,N/A,Medium,https://site.lootstudios.com/wp-content/uploads/2022/05/FN2203AC09.png,Pirate First Mate,Humanoid,Medium
Ship Ahoy!,Hunter Shark,dangers of the sea,Beast,N/A,Large,https://site.lootstudios.com/wp-content/uploads/2022/05/FN2203AC15.png,Hunter Shark,Beast,Large
Ship Ahoy!,Jeanne Du Tonnerre,heroes,Human,Cleric,Medium,https://site.lootstudios.com/wp-content/uploads/2022/05/FN2203AC05.png,N/A,,
Ship Ahoy!,Marid,dangers of the sea,Elemental,N/A,Large,https://site.lootstudios.com/wp-content/uploads/2022/05/FN2203AC16.png,Marid,Elemental,Large
Ship Ahoy!,Matt Jones,heroes,Human,Rogue,Medium,https://site.lootstudios.com/wp-content/uploads/2022/05/FN2203AC06.png,N/A,,
Ship Ahoy!,Mermaid,dangers of the sea,Merfolk,N/A,Medium,https://site.lootstudios.com/wp-content/uploads/2022/05/FN2203AC17.png,Merfolk,Humanoid (Merfolk),Medium
Ship Ahoy!,Orc Pirate,enemies,Orc,Barbarian/Fighter,Medium,https://site.lootstudios.com/wp-content/uploads/2022/05/FN2203AC10.png,Pirate First Mate,Humanoid,Medium
Ship Ahoy!,Pirate Scout,heroes,Human,N/A,Medium,https://site.lootstudios.com/wp-content/uploads/2022/05/FN2203AC07.png,N/A,,
Ship Ahoy!,Sahuagin Pirate,enemies,Sahuagin,N/A,Medium,https://site.lootstudios.com/wp-content/uploads/2022/05/FN2203AC11.png,Pirate First Mate,Humanoid,Medium
Ship Ahoy!,Sharkman,enemies,Sahuagin,N/A,Medium,https://site.lootstudios.com/wp-content/uploads/2022/05/FN2203AC12.png,TBC,,
Ship Ahoy!,Skeleton Pirate,enemies,Undead,N/A,Medium,https://site.lootstudios.com/wp-content/uploads/2022/05/FN2203AC13.png,Skeleton,Undead,Medium
Ship Ahoy!,"Turill, the Wandering Island",dangers of the sea,Young Dragon Turtle,N/A,Huge,https://site.lootstudios.com/wp-content/uploads/2022/05/FN2203AC18.png,Young Dragon Turtle,Dragon,Huge
Ship Ahoy!,Zombie Pirate,enemies,Undead,N/A,Medium,https://site.lootstudios.com/wp-content/uploads/2022/05/FN2203AC14.png,Zombie,Undead,Medium
Snowy Mountain Summit,Barbarian Skeleton,enemies,Undead,N/A,Medium,https://site.lootstudios.com/wp-content/uploads/2022/05/FN2111AC06.png,Skeleton,Undead,Medium
Snowy Mountain Summit,Bearguin,enemies,Monstrosity,N/A,Large,https://site.lootstudios.com/wp-content/uploads/2022/05/FN2111AC07.png,TBC,,
Snowy Mountain Summit,Druid Familiar - Fungi,heroes,Plant,N/A,Tiny,https://site.lootstudios.com/wp-content/uploads/2022/05/FN2111AC05.png,N/A,,
Snowy Mountain Summit,Dwarven Enchanted Blacksmith,npcs,Dwarf,N/A,Medium,https://site.lootstudios.com/wp-content/uploads/2022/05/FN2111AC21.png,TBC,,
Snowy Mountain Summit,Frost Duergar,enemies,Duergar,Fighter/Paladin,Medium,https://site.lootstudios.com/wp-content/uploads/2022/05/FN2111AC08.png,Duergar,Humanoid (Dwarf),Medium
Snowy Mountain Summit,Ice Golem,enemies,Construct,N/A,Large,https://site.lootstudios.com/wp-content/uploads/2022/05/FN2111AC09.png,TBC,,
Snowy Mountain Summit,Ice Troll,enemies,(Giant) Troll,N/A,Large,https://site.lootstudios.com/wp-content/uploads/2022/05/FN2111AC10.png,Ice Troll,Giant,Large
Snowy Mountain Summit,Levisteus Caniatus,heroes,Tiefling,Sorcerer,Medium,https://site.lootstudios.com/wp-content/uploads/2022/05/FN2111AC01.png,N/A,,
Snowy Mountain Summit,Remorhaz,enemies,Monstrosity,N/A,Huge,https://site.lootstudios.com/wp-content/uploads/2022/05/FN2111AC11.png,Remorhaz,Monstrosity,Huge
Snowy Mountain Summit,Rhal Bearslayer,heroes,Human,Barbarian,Medium,https://site.lootstudios.com/wp-content/uploads/2022/05/FN2111AC03.png,N/A,,
Snowy Mountain Summit,Sabertooth,enemies,Beast,N/A,Large,https://site.lootstudios.com/wp-content/uploads/2022/05/FN2111AC12.png,Saber-toothed Tiger,Beast,Large
Snowy Mountain Summit,Skeleton Mage,enemies,Undead,N/A,Medium,https://site.lootstudios.com/wp-content/uploads/2022/05/FN2111AC13.png,Skeleton,Undead,Medium
Snowy Mountain Summit,Snowman,objects,N/A,N/A,Medium,https://app.lootstudios.com/wp-content/uploads/2023/05/FN2111AO11.png,TBC,,
Snowy Mountain Summit,Sorcerer Familiar - Weasel,heroes,Beast,N/A,Tiny,https://site.lootstudios.com/wp-content/uploads/2022/05/FN2111AC04.png,Weasel,Beast,Tiny
Snowy Mountain Summit,Sword and Board Skeleton,enemies,Undead,N/A,Medium,https://site.lootstudios.com/wp-content/uploads/2022/05/FN2111AC14.png,Skeleton,Undead,Medium
Snowy Mountain Summit,Taes of the Frozen Tundra,heroes,Human,Druid,Medium,https://site.lootstudios.com/wp-content/uploads/2022/05/FN2111AC02.png,N/A,,
Snowy Mountain Summit,Walrusfolk Harpooner,enemies,Walrusfolk,Fighter/Ranger,Medium,https://site.lootstudios.com/wp-content/uploads/2022/05/FN2111AC15.png,TBC,,
Snowy Mountain Summit,Wendigo,enemies,Fey,N/A,Medium,https://site.lootstudios.com/wp-content/uploads/2022/05/FN2111AC16.png,TBC,,
Snowy Mountain Summit,Werebear,enemies,Werebear,Barbarian/Fighter,Medium,https://site.lootstudios.com/wp-content/uploads/2022/05/FN2111AC17.png,Werebear,Humanoid,Medium
Snowy Mountain Summit,Werebeast,enemies,Monstrosity,N/A,Large,https://site.lootstudios.com/wp-content/uploads/2022/05/FN2111AC18.png,TBC,,
Snowy Mountain Summit,Yeti,enemies,Monstrosity,N/A,Large,https://site.lootstudios.com/wp-content/uploads/2022/05/FN2111AC19.png,Yeti,Monstrosity,Large
Snowy Mountain Summit,Young Bearguin,enemies,Monstrosity,N/A,Large,https://site.lootstudios.com/wp-content/uploads/2022/05/FN2111AC20.png,TBC,,
Stinky Ancient Ruins,Balding Giant Rat,enemies,Beast,N/A,Small,https://site.lootstudios.com/wp-content/uploads/2022/05/FN2109AC05.png,TBC,,
Stinky Ancient Ruins,Carrion Golem,enemies,Construct,N/A,Large,https://site.lootstudios.com/wp-content/uploads/2022/05/FN2109AC06.png,TBC,,
Stinky Ancient Ruins,Clawed Zombie,enemies,Undead,N/A,Large,https://site.lootstudios.com/wp-content/uploads/2022/05/FN2109AC07.png,TBC,,
Stinky Ancient Ruins,Crazy Beggar,npcs,Human,N/A,Medium,https://site.lootstudios.com/wp-content/uploads/2022/05/FN2109AC17.png,TBC,,
Stinky Ancient Ruins,Drill Automaton,enemies,Construct,N/A,Medium,https://site.lootstudios.com/wp-content/uploads/2022/05/FN2109AC08.png,TBC,,
Stinky Ancient Ruins,Dust Mephit,enemies,Elemental,N/A,Small,https://site.lootstudios.com/wp-content/uploads/2022/05/FN2109AC09.png,Dust Mephit,Elemental,Small
Stinky Ancient Ruins,Elislone Olaven,heroes,Half-elf,Wizard,Medium,https://site.lootstudios.com/wp-content/uploads/2022/05/FN2109AC01.png,N/A,,
Stinky Ancient Ruins,Enrico - Dinosaur Form,heroes,Beast,N/A,Medium,https://site.lootstudios.com/wp-content/uploads/2022/05/FN2109AC03.png,N/A,,
Stinky Ancient Ruins,Enrico the Plum-Druid,heroes,Human,Druid,Medium,https://site.lootstudios.com/wp-content/uploads/2022/05/FN2109AC02.png,N/A,,
Stinky Ancient Ruins,Otyugh,enemies,Aberration,N/A,Large,https://site.lootstudios.com/wp-content/uploads/2022/05/FN2109AC10.png,Otyugh,Aberration,Large
Stinky Ancient Ruins,Piper Spirit,enemies,Undead,N/A,Medium,https://site.lootstudios.com/wp-content/uploads/2022/05/FN2109AC11.png,TBC,,
Stinky Ancient Ruins,Rat Swarm,enemies,Beast,N/A,Medium,https://site.lootstudios.com/wp-content/uploads/2022/05/FN2109AC12.png,Swarm of Rats,Swarm Of Tiny Beasts,Medium
Stinky Ancient Ruins,Rust Monster,enemies,Monstrosity,N/A,Medium,https://site.lootstudios.com/wp-content/uploads/2022/05/FN2109AC13.png,Rust Monster,Monstrosity,Medium
Stinky Ancient Ruins,Sewer Cleaner,enemies,Construct,N/A,Medium,https://site.lootstudios.com/wp-content/uploads/2022/05/FN2109AC14.png,TBC,,
Stinky Ancient Ruins,Well-Fed Gelatinous Cube,enemies,Ooze,N/A,Large,https://site.lootstudios.com/wp-content/uploads/2022/05/FN2109AC15.png,Gelatinous Cube,Ooze,Large
Stinky Ancient Ruins,Wererat,enemies,Wererat,N/A,Medium,https://site.lootstudios.com/wp-content/uploads/2022/05/FN2109AC16.png,Wererat,Humanoid,Medium
Stinky Ancient Ruins,Yongrud Dimtank,heroes,Dwarf,Fighter,Medium,https://site.lootstudios.com/wp-content/uploads/2022/05/FN2109AC04.png,N/A,,
Tales of Ryuboken,"Bushido Master, Kame",heroes,Turtlefolk,Samurai,Medium,https://site.lootstudios.com/wp-content/uploads/2023/04/FN2305AC10.png,N/A,,
Tales of Ryuboken,Disguised Akamata,enemies,Monstrosity,Bard,Medium,https://site.lootstudios.com/wp-content/uploads/2023/04/FN2305AC12.png,TBC,,
Tales of Ryuboken,Honorable Samurai,heroes,Human,Samurai,Medium,https://site.lootstudios.com/wp-content/uploads/2023/04/FN2305AC09.png,N/A,,
Tales of Ryuboken,Jiangshi,enemies,Undead,N/A,Medium,https://site.lootstudios.com/wp-content/uploads/2023/04/FN2305AC02.png,TBC,,
Tales of Ryuboken,Killer Shinobi,heroes,Human,Monk/Rogue,Medium,https://site.lootstudios.com/wp-content/uploads/2023/04/FN2305AC01.png,N/A,,
Tales of Ryuboken,Kirin,heroes,Celestial,N/A,Large,https://site.lootstudios.com/wp-content/uploads/2023/04/FN2305AC08.png,Ki-rin,Celestial,Large
Tales of Ryuboken,Kirin Rider,heroes,Human/Celestial,Samurai,Large,https://site.lootstudios.com/wp-content/uploads/2023/04/FN2305AC16.png,Ki-rin,Celestial,Large
Tales of Ryuboken,Konoha Tengu,enemies,Monstrosity,Fighter,Medium,https://site.lootstudios.com/wp-content/uploads/2023/04/FN2305AC14.png,TBC,,
Tales of Ryuboken,Many armed Oni,enemies,Fiend/Giant,N/A,Large,https://site.lootstudios.com/wp-content/uploads/2023/04/FN2305AC05.png,Oni,Giant,Large
Tales of Ryuboken,Oni Brute,enemies,Fiend/Giant,N/A,Large,https://site.lootstudios.com/wp-content/uploads/2023/04/FN2305AC04.png,Oni,Giant,Large
Tales of Ryuboken,Oni Mage,enemies,Fiend/Giant,N/A,Large,https://site.lootstudios.com/wp-content/uploads/2023/04/FN2305AC06.png,Oni,Giant,Large
Tales of Ryuboken,Rurouni Yasuke,heroes,Human,Samurai,Medium,https://site.lootstudios.com/wp-content/uploads/2023/04/FN2305AC15.png,N/A,,
Tales of Ryuboken,Sun Wukong,enemies,Celestial,Monk,Medium,https://site.lootstudios.com/wp-content/uploads/2023/01/FN2305AC03.png,TBC,,
Tales of Ryuboken,Takumi Kitsunetsuki,heroes,Humanoid,Fighter/Monk,Medium,https://site.lootstudios.com/wp-content/uploads/2023/04/FN2305AC11.png,N/A,,
Tales of Ryuboken,Tanuki,enemies,Monstrosity,Monk,Small,https://site.lootstudios.com/wp-content/uploads/2023/04/FN2305AC13.png,TBC,,
Tales of Ryuboken,"Zhongtian, the Enlightened",enemies,Dragon,N/A,Huge,https://site.lootstudios.com/wp-content/uploads/2023/04/FN2305AC07.png,TBC,,
Tangleheart Forest,"Borr ""Forestfell""",heroes,Dragonborn,Barbarian,Medium,https://app.lootstudios.com/wp-content/uploads/2023/05/FN2211AC04.png,N/A,,
Tangleheart Forest,Brutloc,enemies,Monstrosity,N/A,Large,https://app.lootstudios.com/wp-content/uploads/2023/05/FN2211AC07.png,TBC,,
Tangleheart Forest,Catoblepas,enemies,Monstrosity,N/A,Large,https://app.lootstudios.com/wp-content/uploads/2023/05/FN2211AC05.png,Catoblepas,Monstrosity,Large
Tangleheart Forest,Corpse Flower Nymph,enemies,Fey,N/A,Medium,https://app.lootstudios.com/wp-content/uploads/2023/05/FN2211AC08.png,TBC,,
Tangleheart Forest,Defiled Hearthold - Plant,defiled hearthold,Plant,N/A,Gargantuan,https://site.lootstudios.com/wp-content/uploads/2022/10/FN2211AC15.png,TBC,,
Tangleheart Forest,Elk,heroes,Beast/Elf,N/A,Large,https://app.lootstudios.com/wp-content/uploads/2023/05/FN2211AC03.png,Elk,Beast,Large
Tangleheart Forest,Everhungry Faun,enemies,Fey,N/A,Medium,https://app.lootstudios.com/wp-content/uploads/2023/05/FN2211AC09.png,TBC,,
Tangleheart Forest,Infected Smojuh,enemies,Monstrosity,N/A,Large,https://app.lootstudios.com/wp-content/uploads/2023/05/FN2211AC06.png,TBC,,
Tangleheart Forest,Lyahn'noar Maar'sya,heroes,Elf,Druid,Medium,https://app.lootstudios.com/wp-content/uploads/2023/05/FN2211AC02.png,N/A,,
Tangleheart Forest,"Mezlcoatl (""Mez"")",community hero,Lizardfolk,Cleric,Small,https://app.lootstudios.com/wp-content/uploads/2023/05/FN2211AC16.png,TBC,,
Tangleheart Forest,Redcap,enemies,Fey,N/A,Small,https://app.lootstudios.com/wp-content/uploads/2023/05/FN2211AC11.png,Redcap,Fey,Small
Tangleheart Forest,Saevel Sylharice,heroes,Elf,Ranger,Medium,https://app.lootstudios.com/wp-content/uploads/2023/05/FN2211AC01.png,N/A,,
Tangleheart Forest,Skelka,enemies,Fey,N/A,Medium,https://app.lootstudios.com/wp-content/uploads/2023/05/FN2211AC10.png,TBC,,
Tangleheart Forest,Unseelie Elf Assassin,enemies,Elf,Rogue,Medium,https://app.lootstudios.com/wp-content/uploads/2023/05/FN2211AC12.png,TBC,,
Tangleheart Forest,Unseelie Elf Fighter,enemies,Elf,Fighter,Medium,https://app.lootstudios.com/wp-content/uploads/2023/05/FN2211AC13.png,TBC,,
Tangleheart Forest,Unseelie Elf Mage,enemies,Elf,Wizard,Medium,https://app.lootstudios.com/wp-content/uploads/2023/05/FN2211AC17.png,TBC,,
Tangleheart Forest,"Vilgrim, Thornlock Druid",enemies,Aberration,Druid,Medium,https://app.lootstudios.com/wp-content/uploads/2023/05/FN2211AC14.png,TBC,,
Tenebris Infested,Agatha Banglock,heroes,Human,Alchemist,Medium,https://site.lootstudios.com/wp-content/uploads/2023/01/FN2302AC12.png,N/A,,
Tenebris Infested,Aunty Gremeth EverYouth,enemies,Fey,Sorcerer/Warlock,Medium,https://site.lootstudios.com/wp-content/uploads/2023/01/FN2302AC10.png,TBC,,
Tenebris Infested,"Bratuk, StandingMountain",heroes,Humanoid (MInotaur),Barbarian/Fighter,Medium,https://site.lootstudios.com/wp-content/uploads/2023/01/FN2302AC13.png,N/A,,
Tenebris Infested,Durk Arcanist,enemies,Humanoid (Durk),Sorcerer/Wizard,Small,https://site.lootstudios.com/wp-content/uploads/2023/01/FN2302AC14.png,TBC,,
Tenebris Infested,Durk Warrior,enemies,Humanoid (Durk),Fighter,Small,https://site.lootstudios.com/wp-content/uploads/2023/01/FN2302AC16.png,TBC,,
Tenebris Infested,Glowing Tithonoloth Drone,enemies,Aberration,N/A,Medium,https://site.lootstudios.com/wp-content/uploads/2023/01/FN2302AC02.png,TBC,,
Tenebris Infested,"Glutandur, Venom Dragon",enemies,Dragon,N/A,Huge,https://site.lootstudios.com/wp-content/uploads/2023/01/FN2302AC07.png,TBC,,
Tenebris Infested,"Gynenda,Tithonoloth Queen",enemies,Aberration,N/A,Huge,https://site.lootstudios.com/wp-content/uploads/2023/01/FN2302AC01.png,TBC,,
Tenebris Infested,Hydra Ooze,enemies,Ooze,N/A,Large,https://site.lootstudios.com/wp-content/uploads/2023/01/FN2302AC08.png,TBC,,
Tenebris Infested,Ooze head,enemies,Ooze,N/A,Tiny,https://site.lootstudios.com/wp-content/uploads/2023/01/FN2302AC09.png,TBC,,
Tenebris Infested,Tithonoloth Denmother Drone,enemies,Aberration,N/A,Large,https://site.lootstudios.com/wp-content/uploads/2023/01/FN2302AC04.png,TBC,,
Tenebris Infested,Tithonoloth Scyther Drone,enemies,Aberration,N/A,Medium,https://site.lootstudios.com/wp-content/uploads/2023/01/FN2302AC03.png,TBC,,
Tenebris Infested,Tithonoloth Soldier Drone,enemies,Aberration,N/A,Large,https://site.lootstudios.com/wp-content/uploads/2023/01/FN2302AC05.png,TBC,,
Tenebris Infested,Tithonoloth Tunneller Drone,enemies,Aberration,N/A,Large,https://site.lootstudios.com/wp-content/uploads/2023/01/FN2302AC06.png,TBC,,
Tenebris Infested,Twin Venom Salamander,enemies,Aberration,N/A,Large,https://site.lootstudios.com/wp-content/uploads/2023/01/FN2302AC11.png,TBC,,
Tenebris Infested,Urios Keenbluff,heroes,Halfling,Bard,Small,https://site.lootstudios.com/wp-content/uploads/2023/01/FN2302AC15.png,N/A,,
The Crimson Sand Arena,Bugbear Gladiator,enemies,Bugbear,Fighter,Medium,https://site.lootstudios.com/wp-content/uploads/2022/05/FN2204AC09.png,Bugbear,Humanoid (Goblinoid),Medium
The Crimson Sand Arena,Catfolk Gladiator,heroes,Catfolk,Fighter,Medium,https://site.lootstudios.com/wp-content/uploads/2022/05/FN2204AC12.png,N/A,,
The Crimson Sand Arena,Cyclops,enemies,Giant,N/A,Large,https://site.lootstudios.com/wp-content/uploads/2022/05/FN2204AC04.png,Cyclops,Giant,Huge
The Crimson Sand Arena,Faceless Abomination,enemies,Construct,N/A,Large,https://site.lootstudios.com/wp-content/uploads/2022/05/FN2204AC03.png,TBC,,
The Crimson Sand Arena,Imperator Tiberius,npcs,Human,N/A,Medium,https://site.lootstudios.com/wp-content/uploads/2022/05/FN2204AC17.png,TBC,,
The Crimson Sand Arena,Leo of Colossus,heroes,Human,Fighter,Medium,https://site.lootstudios.com/wp-content/uploads/2022/05/FN2204AC16.png,N/A,,
The Crimson Sand Arena,Lesser Marilith,enemies,Fiend (Demon),N/A,Medium,https://site.lootstudios.com/wp-content/uploads/2022/05/FN2204AC06.png,Marilith,Fiend (Demon),Large
The Crimson Sand Arena,Lion,enemies,Beast,N/A,Large,https://site.lootstudios.com/wp-content/uploads/2022/05/FN2204AC02.png,Lion,Beast,Large
The Crimson Sand Arena,Manticore,enemies,Monstrosity,N/A,Large,https://site.lootstudios.com/wp-content/uploads/2022/05/FN2204AC05.png,Manticore,Monstrosity,Large
The Crimson Sand Arena,Mantisman Gladiator,heroes,Mantisman,Fighter,Medium,https://site.lootstudios.com/wp-content/uploads/2022/05/FN2204AC11.png,N/A,,
The Crimson Sand Arena,Monstrous Centipede,enemies,Beast,N/A,Large,https://site.lootstudios.com/wp-content/uploads/2022/05/FN2204AC07.png,TBC,,
The Crimson Sand Arena,Mysterious Champion,heroes,Human,Fighter,Medium,https://site.lootstudios.com/wp-content/uploads/2022/05/FN2204AC14.png,N/A,,
The Crimson Sand Arena,Nalla Bloodletter Ogolakanu,heroes,Ajax,Fighter,Medium,https://site.lootstudios.com/wp-content/uploads/2022/05/FN2204AC15.png,N/A,,
The Crimson Sand Arena,Retiarius Gladiator,heroes,Human,Fighter,Medium,https://site.lootstudios.com/wp-content/uploads/2022/05/FN2204AC10.png,N/A,,
The Crimson Sand Arena,Wererhino,enemies,Wererhino,Fighter,Large,https://site.lootstudios.com/wp-content/uploads/2022/05/FN2204AC08.png,TBC,,
The Oasis,Angry Spriggan,enemies,Fey,N/A,Small,https://site.lootstudios.com/wp-content/uploads/2022/05/FN2103AC06.png,TBC,,
The Oasis,Assassin Vine,enemies,Plant,N/A,Large,https://site.lootstudios.com/wp-content/uploads/2022/05/FN2103AC04.png,Assassin Vine,Plant,Large
The Oasis,Banzan Hill,heroes,Human,Monk,Medium,https://site.lootstudios.com/wp-content/uploads/2022/05/FN2103AC01.png,N/A,,
The Oasis,Elf King Spirit,npcs,Elf,Sorcerer/Wizard,Medium,https://site.lootstudios.com/wp-content/uploads/2022/05/FN2103AC19.png,TBC,,
The Oasis,Elf Queen Spirit,npcs,Elf,Sorcerer/Wizard,Medium,https://site.lootstudios.com/wp-content/uploads/2022/05/FN2103AC18.png,TBC,,
The Oasis,Enna Flimbey,heroes,Firbolg,Druid,Medium,https://site.lootstudios.com/wp-content/uploads/2022/05/FN2103AC02.png,N/A,,
The Oasis,Nymph,enemies,Fey,N/A,Medium,https://site.lootstudios.com/wp-content/uploads/2022/05/FN2103AC07.png,TBC,,
The Oasis,Pixie,enemies,Fey,N/A,Tiny,https://site.lootstudios.com/wp-content/uploads/2022/05/FN2103AC11.png,Pixie,Fey,Tiny
The Oasis,Quierk,heroes,Birdman,Fighter,Medium,https://site.lootstudios.com/wp-content/uploads/2022/05/FN2103AC03.png,N/A,,
The Oasis,Satyr,enemies,Fey,Bard,Medium,https://site.lootstudios.com/wp-content/uploads/2022/05/FN2103AC08.png,Satyr,Fey,Medium
The Oasis,Spriggan,enemies,Fey,N/A,Small,https://site.lootstudios.com/wp-content/uploads/2022/05/FN2103AC20.png,TBC,,
The Oasis,Treant,enemies,Plant,N/A,Huge,https://site.lootstudios.com/wp-content/uploads/2022/05/FN2103AC13.png,Treant,Plant,Huge
The Oasis,Verdant King,enemies,Fey,N/A,Medium,https://site.lootstudios.com/wp-content/uploads/2022/05/FN2103AC12.png,TBC,,
The Oasis,Vine Ogre,enemies,Plant,N/A,Large,https://site.lootstudios.com/wp-content/uploads/2022/05/FN2103AC05.png,TBC,,
The Oasis,Walking Blight,enemies,Plant,N/A,Small,https://site.lootstudios.com/wp-content/uploads/2022/05/FN2103AC10.png,Twig Blight,Plant,Small
The Oasis,Wood Reborn,enemies,Plant,N/A,Medium,https://site.lootstudios.com/wp-content/uploads/2022/05/FN2103AC09.png,Wood Woad,Plant,Medium
Toll Collectors,Amanda Bloodletter,heroes,Half-Orc,Rogue,Medium,https://site.lootstudios.com/wp-content/uploads/2022/05/FN2108AC01.png,N/A,,
Toll Collectors,Bajok Bloodletter,enemies,Fiend (Demon),Barbarian/Fighter,Medium,https://site.lootstudios.com/wp-content/uploads/2022/05/FN2108AC04.png,TBC,,
Toll Collectors,Bajok Bloodletter On Horse,enemies,Fiend (Demon),Barbarian/Fighter,Large,https://site.lootstudios.com/wp-content/uploads/2022/05/FN2108AC05.png,TBC,,
Toll Collectors,Crossbowman,enemies,Human,Ranger/Rogue,Medium,https://site.lootstudios.com/wp-content/uploads/2022/05/FN2108AC06.png,Bandit Captain,Humanoid (Any Race),Medium
Toll Collectors,Elf Arcane Trickster,enemies,Elf,Rogue/Wizard,Medium,https://site.lootstudios.com/wp-content/uploads/2022/05/FN2108AC07.png,TBC,,
Toll Collectors,Female Bearded Dwarf Brawler,enemies,Dwarf,Fighter,Medium,https://site.lootstudios.com/wp-content/uploads/2022/05/FN2108AC08.png,TBC,,
Toll Collectors,Goat,objects,N/A,N/A,Medium,https://app.lootstudios.com/wp-content/uploads/2023/05/FN2108AO09.png,Goat,Beast,Medium
Toll Collectors,Goblin Grenadier,enemies,Goblin,Rogue,Small,https://site.lootstudios.com/wp-content/uploads/2022/05/FN2108AC09.png,Goblin,Humanoid (Goblinoid),Small
Toll Collectors,Guard Dog,enemies,Beast,N/A,Medium,https://site.lootstudios.com/wp-content/uploads/2022/05/FN2108AC10.png,Mastiff,Beast,Medium
Toll Collectors,Half Elf Archer,enemies,Half-elf,Ranger,Medium,https://site.lootstudios.com/wp-content/uploads/2022/05/FN2108AC11.png,Archer,Humanoid,Medium
Toll Collectors,Half Elf Rogue,enemies,Half-elf,Rogue,Medium,https://site.lootstudios.com/wp-content/uploads/2022/05/FN2108AC12.png,Assassin,Humanoid (Any Race),Medium
Toll Collectors,Half Ogre Bandit,enemies,Giant (Half-Ogre),N/A,Large,https://site.lootstudios.com/wp-content/uploads/2022/05/FN2108AC14.png,Bandit,Humanoid (Any Race),Medium
Toll Collectors,Half Orc Brute,enemies,Half-Orc,Barbarian,Medium,https://site.lootstudios.com/wp-content/uploads/2022/05/FN2108AC15.png,Berserker,Humanoid (Any Race),Medium
Toll Collectors,Halfling Rogue,enemies,Halfling,Rogue,Small,https://site.lootstudios.com/wp-content/uploads/2022/05/FN2108AC13.png,Assassin,Humanoid (Any Race),Medium
Toll Collectors,Harold the Town Guard,heroes,Human,Fighter,Medium,https://site.lootstudios.com/wp-content/uploads/2022/05/FN2108AC02.png,N/A,,
Toll Collectors,Horse,objects,N/A,N/A,Large,https://app.lootstudios.com/wp-content/uploads/2023/05/FN2108AO12.png,Riding Horse,Beast,Large
Toll Collectors,Nortle,heroes,Turtlefolk,Monk,Medium,https://site.lootstudios.com/wp-content/uploads/2022/05/FN2108AC03.png,N/A,,
Toll Collectors,Prisoners,npcs,Human,N/A,Medium,https://site.lootstudios.com/wp-content/uploads/2022/05/FN2108AC17.png,TBC,,
Toll Collectors,Ratfolk Swashbuckler,enemies,Ratfolk,Rogue,Small,https://site.lootstudios.com/wp-content/uploads/2022/05/FN2108AC16.png,Swashbuckler,Humanoid,Medium
Vampires in Panshaw,Black Wolf,enemies,Beast,N/A,Medium,https://site.lootstudios.com/wp-content/uploads/2022/05/FN2009AC08.png,Wolf,Beast,Medium
Vampires in Panshaw,Cordelia,enemies,Undead,Sorcerer/Warlock,Medium,https://site.lootstudios.com/wp-content/uploads/2022/05/FN2009AC15.png,TBC,,
Vampires in Panshaw,Cormah Shasan,heroes,Elf,Druid,Medium,https://site.lootstudios.com/wp-content/uploads/2022/05/FN2009AC01.png,N/A,,
Vampires in Panshaw,Cormah Shasan Wolf Form,heroes,Beast,N/A,Medium,https://site.lootstudios.com/wp-content/uploads/2022/05/FN2009AC04.png,Wolf,Beast,Medium
Vampires in Panshaw,Count Zegrath,enemies,Undead,Sorcerer/Warlock,Medium,https://site.lootstudios.com/wp-content/uploads/2022/05/FN2009AC05.png,Strahd von Zarovich,Undead (Shapechanger),Medium
Vampires in Panshaw,Dire Bat,enemies,Beast,N/A,Large,https://site.lootstudios.com/wp-content/uploads/2022/05/FN2009AC17.png,Giant Bat,Beast,Large
Vampires in Panshaw,Gargoyle 1,enemies,Elemental,N/A,Medium,https://site.lootstudios.com/wp-content/uploads/2022/05/FN2009AC06.png,Gargoyle,Elemental,Medium
Vampires in Panshaw,Gargoyle 2,enemies,Elemental,N/A,Medium,https://site.lootstudios.com/wp-content/uploads/2022/05/FN2009AC07.png,Gargoyle,Elemental,Medium
Vampires in Panshaw,Grimbald,enemies,Undead,Fighter/Paladin,Medium,https://site.lootstudios.com/wp-content/uploads/2022/05/FN2009AC16.png,TBC,,
Vampires in Panshaw,Jhonny Trinity,heroes,Human,Ranger/Rogue,Medium,https://site.lootstudios.com/wp-content/uploads/2022/05/FN2009AC03.png,N/A,,
Vampires in Panshaw,Shadow 1,enemies,Undead,N/A,Medium,https://site.lootstudios.com/wp-content/uploads/2022/05/FN2009AC09.png,Shadow,Undead,Medium
Vampires in Panshaw,Shadow 2,enemies,Undead,N/A,Medium,https://site.lootstudios.com/wp-content/uploads/2022/05/FN2009AC10.png,Shadow,Undead,Medium
Vampires in Panshaw,Sunathaer Caex,heroes,Dragonborn,Fighter/Paladin,Medium,https://site.lootstudios.com/wp-content/uploads/2022/05/FN2009AC02.png,N/A,,
Vampires in Panshaw,Vampire Spawn 1,enemies,Undead,N/A,Medium,https://site.lootstudios.com/wp-content/uploads/2022/05/FN2009AC11.png,Vampire Spawn,Undead,Medium
Vampires in Panshaw,Vampire Spawn 2,enemies,Undead,N/A,Medium,https://site.lootstudios.com/wp-content/uploads/2022/05/FN2009AC12.png,Vampire Spawn,Undead,Medium
Vampires in Panshaw,Vampire Spawn 3,enemies,Undead,N/A,Medium,https://site.lootstudios.com/wp-content/uploads/2022/05/FN2009AC13.png,Vampire Spawn,Undead,Medium
Vampires in Panshaw,Vampire Spawn 4,enemies,Undead,N/A,Medium,https://site.lootstudios.com/wp-content/uploads/2022/05/FN2009AC14.png,Vampire Spawn,Undead,Medium
Voracious Sands,Bahador Lionclaw,heroes,Human,Barbarian/Fighter,Medium,https://app.lootstudios.com/wp-content/uploads/2023/08/FN2309AC15.png,N/A,,
Voracious Sands,Blaze Piper,enemies,Efreet,Bard,Medium,https://app.lootstudios.com/wp-content/uploads/2023/08/FN2309AC09.png,Efreeti,Elemental,Large
Voracious Sands,Charmed Snake,objects,N/A,N/A,Medium,https://app.lootstudios.com/wp-content/uploads/2023/08/FN2309AO02.png,TBC,,
Voracious Sands,Darius Sandwalker,enemies,Human,Ranger,Medium,https://app.lootstudios.com/wp-content/uploads/2023/08/FN2309AC10.png,TBC,,
Voracious Sands,Desert Mercenary,enemies,Humar,Fighter,Medium,https://app.lootstudios.com/wp-content/uploads/2023/08/FN2309AC13.png,TBC,,
Voracious Sands,Dune Archer,enemies,Humar,Ranger,Medium,https://app.lootstudios.com/wp-content/uploads/2023/08/FN2309AC11.png,TBC,,
Voracious Sands,Dune Elephant,enemies,Beast,N/A,Huge,https://app.lootstudios.com/wp-content/uploads/2023/08/FN2309AC05.png,Elephant,Beast,Huge
Voracious Sands,"Inara, Efreeti Sorcerer",enemies,Efreet,Sorcerer,Large,https://app.lootstudios.com/wp-content/uploads/2023/08/FN2309AC02.png,Efreeti,Elemental,Large
Voracious Sands,Masked Caster,enemies,Human,Warlock,Medium,https://app.lootstudios.com/wp-content/uploads/2023/08/FN2309AC12.png,TBC,,
Voracious Sands,Nasrin Sandwalker,heroes,Human,Ranger,Medium,https://app.lootstudios.com/wp-content/uploads/2023/08/FN2309AC07.png,N/A,,
Voracious Sands,Sand King Antares,enemies,Monstrosity,N/A,Large,https://app.lootstudios.com/wp-content/uploads/2023/08/FN2309AC14.png,TBC,,
Voracious Sands,Sunset,heroes,Beast,N/A,Medium,https://app.lootstudios.com/wp-content/uploads/2023/08/FN2309AC08.png,N/A,,
Voracious Sands,"Jogum, Royal Chef",enemies,Orc,Fighter,Medium,https://app.lootstudios.com/wp-content/uploads/2023/08/FN2309AC03.png,TBC,,
Voracious Sands,"Vorax, Lord of Hunger",enemies,Fiend,N/A,Large,https://app.lootstudios.com/wp-content/uploads/2023/08/FN2309AC01.png,TBC,,
Voracious Sands,War Elephant,enemies,Beast,N/A,Huge,https://app.lootstudios.com/wp-content/uploads/2023/08/FN2309AC04.png,Elephant,Beast,Huge
Voracious Sands,Zavia Faredan,heroes,Human,Sorcerer,Medium,https://app.lootstudios.com/wp-content/uploads/2023/08/FN2309AC06.png,N/A,,
Welcome Pack,Bard,characters,N/A,N/A,Medium,https://app.lootstudios.com/wp-content/uploads/2023/05/WN2107AC08.png,Bard,Humanoid,Medium
Welcome Pack,Bashir Khan,heroes,N/A,N/A,Medium,https://app.lootstudios.com/wp-content/uploads/2023/05/WN2107AC04.png,N/A,,
Welcome Pack,Cormah Shasan,heroes,N/A,N/A,Medium,https://app.lootstudios.com/wp-content/uploads/2023/05/WN2107AC02.png,N/A,,
Welcome Pack,Gardain Firebeard,heroes,N/A,N/A,Medium,https://app.lootstudios.com/wp-content/uploads/2023/05/WN2107AC05.png,N/A,,
Welcome Pack,Jhonny Trinity,heroes,N/A,N/A,Medium,https://app.lootstudios.com/wp-content/uploads/2023/05/WN2107AC01.png,N/A,,
Welcome Pack,Mimic,objects,N/A,N/A,Medium,https://app.lootstudios.com/wp-content/uploads/2023/05/WN2107AO15.png,Mimic,Monstrosity (Shapechanger),Medium
Welcome Pack,Mysterious Man,characters,N/A,N/A,Medium,https://app.lootstudios.com/wp-content/uploads/2023/05/WN2107AC09.png,N/A,,
Welcome Pack,Sunathaer Caex,heroes,N/A,N/A,Medium,https://app.lootstudios.com/wp-content/uploads/2023/05/WN2107AC03.png,N/A,,
Welcome Pack,Tavern Keeper,characters,N/A,N/A,Medium,https://app.lootstudios.com/wp-content/uploads/2023/05/WN2107AC07.png,N/A,,
Welcome Pack,Vanchu Spinebreaker,heroes,N/A,N/A,Medium,https://app.lootstudios.com/wp-content/uploads/2023/05/WN2107AC06.png,N/A,,
Welcome Pack (Fantasy) 3.0,Bard,characters,N/A,N/A,Medium,https://app.lootstudios.com/wp-content/uploads/2023/05/WN2107AC08.png,Bard,Humanoid,Medium
Welcome Pack (Fantasy) 3.0,Barrel Mimic,live sculpted,N/A,N/A,Large,https://app.lootstudios.com/wp-content/uploads/2023/05/WN2107AC08.png,Mimic,Monstrosity (Shapechanger),Medium
Welcome Pack (Fantasy) 3.0,Bashir Khan,heroes,N/A,N/A,Medium,https://app.lootstudios.com/wp-content/uploads/2023/05/WN2107AC04.png,N/A,,
Welcome Pack (Fantasy) 3.0,Cormah Shasan,heroes,N/A,N/A,Medium,https://app.lootstudios.com/wp-content/uploads/2023/05/WN2107AC02.png,N/A,,
Welcome Pack (Fantasy) 3.0,Drunk Man,characters,N/A,N/A,Medium,https://app.lootstudios.com/wp-content/uploads/2023/05/WN2107AC16.png,N/A,,
Welcome Pack (Fantasy) 3.0,Dwarf Chef,characters,N/A,N/A,Medium,https://app.lootstudios.com/wp-content/uploads/2023/05/WN2107AC15.png,N/A,,
Welcome Pack (Fantasy) 3.0,Falling Halfling,characters,N/A,N/A,Medium,https://app.lootstudios.com/wp-content/uploads/2023/05/WN2107AC14.png,N/A,,
Welcome Pack (Fantasy) 3.0,Gardain Firebeard,heroes,N/A,N/A,Medium,https://app.lootstudios.com/wp-content/uploads/2023/05/WN2107AC05.png,N/A,,
Welcome Pack (Fantasy) 3.0,Jhonny Trinity,heroes,N/A,N/A,Medium,https://app.lootstudios.com/wp-content/uploads/2023/05/WN2107AC01.png,N/A,,
Welcome Pack (Fantasy) 3.0,Mimic,objects,N/A,N/A,Medium,https://app.lootstudios.com/wp-content/uploads/2023/05/WN2107AO15.png,Mimic,Monstrosity (Shapechanger),Medium
Welcome Pack (Fantasy) 3.0,Mysterious Man,characters,N/A,N/A,Medium,https://app.lootstudios.com/wp-content/uploads/2023/05/WN2107AC09.png,N/A,,
Welcome Pack (Fantasy) 3.0,Reggid Graves,bonus npcs,N/A,N/A,Medium,https://app.lootstudios.com/wp-content/uploads/2023/05/WN2107AC17.png,N/A,,
Welcome Pack (Fantasy) 3.0,Sleeping Dog,characters,N/A,N/A,Medium,https://app.lootstudios.com/wp-content/uploads/2023/05/WN2107AO01.png,N/A,,
Welcome Pack (Fantasy) 3.0,Spiritual Weapon,live sculpted,N/A,N/A,Small,https://app.lootstudios.com/wp-content/uploads/2023/09/bonus_welcome-pack.png,TBC,,
Welcome Pack (Fantasy) 3.0,Sunathaer Caex,heroes,N/A,N/A,Medium,https://app.lootstudios.com/wp-content/uploads/2023/05/WN2107AC03.png,N/A,,
Welcome Pack (Fantasy) 3.0,Tavern Cleaner,characters,N/A,N/A,Medium,https://app.lootstudios.com/wp-content/uploads/2023/05/WN2107AC12.png,N/A,,
Welcome Pack (Fantasy) 3.0,Tavern Keeper,characters,N/A,N/A,Medium,https://app.lootstudios.com/wp-content/uploads/2023/05/WN2107AC07.png,N/A,,
Welcome Pack (Fantasy) 3.0,Toasting Man,characters,N/A,N/A,Medium,https://app.lootstudios.com/wp-content/uploads/2023/05/WN2107AC11.png,N/A,,
Welcome Pack (Fantasy) 3.0,Toasting Woman,characters,N/A,N/A,Medium,https://app.lootstudios.com/wp-content/uploads/2023/05/WN2107AC10.png,N/A,,
Welcome Pack (Fantasy) 3.0,Uten Ironhearth,bonus npcs,N/A,N/A,Medium,https://app.lootstudios.com/wp-content/uploads/2023/05/WN2107AO27.png,N/A,,
Welcome Pack (Fantasy) 3.0,Vanchu Spinebreaker,heroes,N/A,N/A,Medium,https://app.lootstudios.com/wp-content/uploads/2023/05/WN2107AC06.png,N/A,,
Welcome Pack (Fantasy) 3.0,Waitress,characters,N/A,N/A,Medium,https://app.lootstudios.com/wp-content/uploads/2023/05/WN2107AC13.png,N/A,,
Wightpocalypse,Big Zombie,enemies,Undead,N/A,Medium,https://site.lootstudios.com/wp-content/uploads/2022/05/FN2007AC05.png,Flesh Golem,Construct,Medium
Wightpocalypse,Bugbear Zombie,enemies,Undead,N/A,Medium,https://site.lootstudios.com/wp-content/uploads/2022/05/FN2007AC06.png,Zombie,Undead,Medium
Wightpocalypse,Cleaver Zombie,enemies,Undead,N/A,Medium,https://site.lootstudios.com/wp-content/uploads/2022/05/FN2007AC07.png,Zombie,Undead,Medium
Wightpocalypse,Cormah Shasan,heroes,Elf,Druid,Medium,https://site.lootstudios.com/wp-content/uploads/2022/05/FN2007AC02.png,N/A,,
Wightpocalypse,Ghoul 1,enemies,Undead,N/A,Medium,https://site.lootstudios.com/wp-content/uploads/2022/05/FN2007AC08.png,Ghoul,Undead,Medium
Wightpocalypse,Ghoul 2,enemies,Undead,N/A,Medium,https://site.lootstudios.com/wp-content/uploads/2022/05/FN2007AC09.png,Ghoul,Undead,Medium
Wightpocalypse,Jhonny Trinity,heroes,Human,Ranger/Rogue,Medium,https://site.lootstudios.com/wp-content/uploads/2022/05/FN2007AC01.png,N/A,,
Wightpocalypse,Skeleton Archer,enemies,Undead,N/A,Medium,https://site.lootstudios.com/wp-content/uploads/2022/05/FN2007AC10.png,Skeleton,Undead,Medium
Wightpocalypse,Skeleton Executioner,enemies,Undead,N/A,Medium,https://site.lootstudios.com/wp-content/uploads/2022/05/FN2007AC11.png,Skeleton,Undead,Medium
Wightpocalypse,Skeleton Goblin 1,enemies,Undead,N/A,Small,https://site.lootstudios.com/wp-content/uploads/2022/05/FN2007AC12.png,Skeleton,Undead,Medium
Wightpocalypse,Skeleton Goblin 2,enemies,Undead,N/A,Small,https://site.lootstudios.com/wp-content/uploads/2022/05/FN2007AC13.png,Skeleton,Undead,Medium
Wightpocalypse,Skeleton Warrior,enemies,Undead,N/A,Medium,https://site.lootstudios.com/wp-content/uploads/2022/05/FN2007AC14.png,Skeleton,Undead,Medium
Wightpocalypse,Skeleton Wolf,enemies,Undead,N/A,Medium,https://site.lootstudios.com/wp-content/uploads/2022/05/FN2007AC15.png,Skeleton,Undead,Medium
Wightpocalypse,Sunathaer Caex,heroes,Dragonborn,Fighter/Paladin,Medium,https://site.lootstudios.com/wp-content/uploads/2022/05/FN2007AC03.png,N/A,,
Wightpocalypse,Wight,enemies,Undead,Paladin,Medium,https://site.lootstudios.com/wp-content/uploads/2022/05/FN2007AC04.png,Wight,Undead,Medium
Wightpocalypse,Zombie Hand,objects,Undead,N/A,Small,https://app.lootstudios.com/wp-content/uploads/2023/05/FN2007AO14.png,Crawling Claw,Undead,Tiny
Wightpocalypse,Zombie Man,enemies,Undead,N/A,Medium,https://site.lootstudios.com/wp-content/uploads/2022/05/FN2007AC16.png,Zombie,Undead,Medium
Wightpocalypse,Zombie Woman,enemies,Undead,N/A,Medium,https://site.lootstudios.com/wp-content/uploads/2022/05/FN2007AC17.png,Zombie,Undead,Medium
Envious Tempest,Monstrous Sea Serpent,sea terrors,Beast,N/A,Gargantuan,https://app.lootstudios.com/wp-content/uploads/2023/09/FN2310AC02.png,TBC,,
Envious Tempest,Drowning Horror,sea terrors,Turtlefolk/Humanoid,N/A,Medium,https://app.lootstudios.com/wp-content/uploads/2023/09/FN2310AC14.png,TBC,,
Envious Tempest,Irinia Green-Eyed Mistress,sea terrors,Fiend,N/A,Large,https://app.lootstudios.com/wp-content/uploads/2023/09/FN2310AC01.png,TBC,,
Envious Tempest,Abyssal Merrow,sea terrors,Beast,N/A,Medium,https://app.lootstudios.com/wp-content/uploads/2023/09/FN2310AC15.png,Merrow,Monstrosity,Large
Envious Tempest,Walking Reef,sea terrors,Beast,N/A,Large,https://app.lootstudios.com/wp-content/uploads/2023/09/FN2310AC13.png,TBC,,
Envious Tempest,Hanged Quartermaster,enemies,Human/Undead,N/A,Medium,https://app.lootstudios.com/wp-content/uploads/2023/09/FN2310AC08.png,TBC,,
Envious Tempest,Entangled Sailor,enemies,Human/Undead,N/A,Medium,https://app.lootstudios.com/wp-content/uploads/2023/09/FN2310AC09.png,TBC,,
Envious Tempest,Captain Imor Jones,enemies,Sharkfolk/Undead,Fighter,Medium,https://app.lootstudios.com/wp-content/uploads/2023/09/FN2310AC11.png,TBC,,
Envious Tempest,Headless Bosun,enemies,Human/Undead,N/A,Medium,https://app.lootstudios.com/wp-content/uploads/2023/09/FN2310AC10.png,TBC,,
Envious Tempest,Mourning Castaway,enemies,Human/Undead,N/A,Medium,https://app.lootstudios.com/wp-content/uploads/2023/09/FN2310AC12.png,TBC,,
Envious Tempest,Patchy Pirate,enemies,Human/Undead,N/A,Medium,https://app.lootstudios.com/wp-content/uploads/2023/09/FN2310AC07.png,TBC,,
Envious Tempest,Drowned Mate,enemies,Undead,N/A,Medium,https://app.lootstudios.com/wp-content/uploads/2023/09/FN2310AC06.png,TBC,,
Envious Tempest,Lost Diver,enemies,Human/Undead,N/A,Medium,https://app.lootstudios.com/wp-content/uploads/2023/09/FN2310AC03.png,TBC,,
Envious Tempest,Drunk Fool,enemies,Human/Undead,N/A,Medium,https://app.lootstudios.com/wp-content/uploads/2023/09/FN2310AC05.png,TBC,,
Envious Tempest,Ghostly Hammerhead,enemies,Beast,N/A,Large,https://app.lootstudios.com/wp-content/uploads/2023/09/FN2310AC04.png,N/A,,
Envious Tempest,Charlotte the Snake,heroes,Human/Humanoid,Druid,Medium,https://app.lootstudios.com/wp-content/uploads/2023/09/FN2310AC16.png,N/A,,
Envious Tempest,Hardshell Raph,heroes,Turtlefolk/Humanoid,Fighter,Medium,https://app.lootstudios.com/wp-content/uploads/2023/09/FN2310AC18.png,N/A,,
Envious Tempest,Vane Horns,heroes,Tiefling/Humanoid,Rogue,Medium,https://app.lootstudios.com/wp-content/uploads/2023/09/FN2310AC17.png,N/A,,
Carnival of Lust,Rising Sun,enemies,Human,Sorcerer,Medium,https://app.lootstudios.com/wp-content/uploads/2023/10/FN2311AC03.png,TBC,,
Carnival of Lust,Crescent Moon,enemies,Human,Bard,Medium,https://app.lootstudios.com/wp-content/uploads/2023/10/FN2311AC04.png,TBC,,
Carnival of Lust,Cyrce the Acrobat,enemies,Human,Bard,Medium,https://app.lootstudios.com/wp-content/uploads/2023/10/FN2311AC12.png,TBC,,
Carnival of Lust,Sawney the Trickster,enemies,Human,Rogue,Medium,https://app.lootstudios.com/wp-content/uploads/2023/10/FN2311AC13.png,TBC,,
Carnival of Lust,Mania Lady of Desire,enemies,Fiend,N/A,Medium,https://app.lootstudios.com/wp-content/uploads/2023/10/FN2311AC01.png,Succubus,Fiend (Shapechanger),Medium
Carnival of Lust,Erosius Lord of Passion,enemies,Fiend,N/A,Medium,https://app.lootstudios.com/wp-content/uploads/2023/10/FN2311AC02.png,Incubus,Fiend,Medium
Carnival of Lust,Dreadful the Clown,enemies,Aberration,N/A,Large,https://app.lootstudios.com/wp-content/uploads/2023/10/FN2311AC15.png,N/A,,
Carnival of Lust,Pupeteer Hand,enemies,Aberration,N/A,Large,https://app.lootstudios.com/wp-content/uploads/2023/10/FN2311AC05.png,N/A,,
Carnival of Lust,Flaming Stallion,enemies,Monstrosity,N/A,Large,https://app.lootstudios.com/wp-content/uploads/2023/10/FN2311AC11.png,Nightmare,Fiend,Large
Carnival of Lust,Strike the Tiger,enemies,Beast,N/A,Large,https://app.lootstudios.com/wp-content/uploads/2023/10/FN2311AC09.png,Tiger,Beast,Large
Carnival of Lust,Beaky the Owlbear,enemies,Monstrosity,N/A,Large,https://app.lootstudios.com/wp-content/uploads/2023/10/FN2311AC10.png,Owlbear,Monstrosity,Large
Carnival of Lust,Gorya the Berserker,heroes,Catfolk,Barbarian,Medium,https://app.lootstudios.com/wp-content/uploads/2023/10/FN2311AC14.png,N/A,,
Carnival of Lust,The Sharpshooter Chiara,heroes,Human,Rogue,Medium,https://app.lootstudios.com/wp-content/uploads/2023/10/FN2311AC08.png,N/A,,
Carnival of Lust,Solo Act Olov,heroes,Human,Bard,Medium,https://app.lootstudios.com/wp-content/uploads/2023/10/FN2311AC07.png,"Volothamp ""Volo"" Geddarm",Humanoid,Medium
Carnival of Lust,The Unstoppable Angus,heroes,Human,Barbarian,Medium,https://app.lootstudios.com/wp-content/uploads/2023/10/FN2311AC06.png,N/A,,
Carnival of Lust,Mimic Surprise,objects,N/A,N/A,Medium,https://app.lootstudios.com/wp-content/uploads/2023/10/FN2311A004.png,Mimic,Monstrosity (Shapechanger),Medium
Flames of Wrath,"Eve Fargrace, Sinslayer",heroes,Human,Bard,Medium,https://app.lootstudios.com/wp-content/uploads/2023/11/FN2312AC18.png,N/A,,
Flames of Wrath,"Maximus, Merciless Gladiator",heroes,Half-Giant,Barbarian,Medium,https://app.lootstudios.com/wp-content/uploads/2023/11/FN2312AC12.png,N/A,,
Flames of Wrath,"Rhys, the Burnt Fighter",heroes,Fell,Fighter,Medium,https://app.lootstudios.com/wp-content/uploads/2023/11/FN2312AC10.png,N/A,,
Flames of Wrath,Vanchu Hellrider,heroes,Half-Orc,Fighter,Medium,https://app.lootstudios.com/wp-content/uploads/2023/11/FN2312AC11.png,N/A,,
Flames of Wrath,Bright-Winged Angel,enemies,Celestial,N/A,Medium,https://app.lootstudios.com/wp-content/uploads/2023/11/FN2312AC16.png,TBC,,
Flames of Wrath,Explosive Imp,enemies,Fiend,N/A,Medium,https://app.lootstudios.com/wp-content/uploads/2023/11/FN2312AC05.png,TBC,,
Flames of Wrath,Flaming Imp,enemies,Fiend,N/A,Medium,https://app.lootstudios.com/wp-content/uploads/2023/11/FN2312AC04.png,TBC,,
Flames of Wrath,Frenzied Bullman,enemies,Monstrosity,N/A,Medium,https://app.lootstudios.com/wp-content/uploads/2023/11/FN2312AC09.png,TBC,,
Flames of Wrath,Furious Hellhound,enemies,Beast,N/A,Medium,https://app.lootstudios.com/wp-content/uploads/2023/11/FN2312AC02.png,TBC,,
Flames of Wrath,Lava Horror,enemies,Monstrosity,N/A,Large,https://app.lootstudios.com/wp-content/uploads/2023/11/FN2312AC07.png,TBC,,
Flames of Wrath,Magma Mephit,enemies,Fiend,N/A,Medium,https://app.lootstudios.com/wp-content/uploads/2023/11/FN2312AC17.png,TBC,,
Flames of Wrath,Morningstar Angel,enemies,Celestial,N/A,Medium,https://app.lootstudios.com/wp-content/uploads/2023/11/FN2312AC15.png,TBC,,
Flames of Wrath,Mr. Bone Crusher,enemies,Beast,N/A,Medium,https://app.lootstudios.com/wp-content/uploads/2023/11/FN2312AC19.png,TBC,,
Flames of Wrath,"Odi'ram, Lord of Rage",enemies,Fiend,N/A,Huge,https://app.lootstudios.com/wp-content/uploads/2023/11/FN2312AC01.png,TBC,,
Flames of Wrath,Raging Executioner,enemies,Monstrosity,N/A,Medium,https://app.lootstudios.com/wp-content/uploads/2023/11/FN2312AC08.png,TBC,,
Flames of Wrath,Righteous Cherub,enemies,Celestial,N/A,Medium,https://app.lootstudios.com/wp-content/uploads/2023/11/FN2312AC14.png,TBC,,
Flames of Wrath,Trickster Imp,enemies,Fiend,N/A,Medium,https://app.lootstudios.com/wp-content/uploads/2023/11/FN2312AC06.png,TBC,,
Flames of Wrath,Archangel Azazel,npcs,Celestial,N/A,Medium,https://app.lootstudios.com/wp-content/uploads/2023/11/FN2312AC20.png,TBC,,
Flames of Wrath,Malak Divine Blade,npcs,Aasimar,Warrior,Medium,https://app.lootstudios.com/wp-content/uploads/2023/11/FN2312AC13.png,TBC,,
Orcs of Butcherhold,Armor Smasher Orc,enemies,Orc,Barbarian,Medium,https://app.lootstudios.com/wp-content/uploads/2023/12/FN2401AC20.png,TBC,,
Orcs of Butcherhold,Bonesmasher Orc,enemies,Orc,Monk,Medium,https://app.lootstudios.com/wp-content/uploads/2023/12/FN2401AC21.png,TBC,,
Orcs of Butcherhold,Borderkeeper Orc,enemies,Orc,Fighter,Medium,https://app.lootstudios.com/wp-content/uploads/2023/12/FN2401AC10.png,TBC,,
Orcs of Butcherhold,Deathbringer Orc,enemies,Orc,Barbarian,Medium,https://app.lootstudios.com/wp-content/uploads/2023/12/FN2401AC12.png,TBC,,
Orcs of Butcherhold,Dreamwalker Orc,enemies,Orc,Cleric,Medium,https://app.lootstudios.com/wp-content/uploads/2024/01/FN2401AC13.png,TBC,,
Orcs of Butcherhold,Homeshield Orc,enemies,Orc,Fighter,Medium,https://app.lootstudios.com/wp-content/uploads/2023/12/FN2401AC15.png,TBC,,
Orcs of Butcherhold,Ironface Orc,enemies,Orc,Artificer,Medium,https://app.lootstudios.com/wp-content/uploads/2023/12/FN2401AC16.png,TBC,,
Orcs of Butcherhold,Thundermace Orc,enemies,Orc,Fighter,Medium,https://app.lootstudios.com/wp-content/uploads/2023/12/FN2401AC09.png,TBC,,
Orcs of Butcherhold,Wardrummer Orc,enemies,Orc,Bard,Medium,https://app.lootstudios.com/wp-content/uploads/2023/12/FN2401AC14.png,TBC,,
Orcs of Butcherhold,"Gorok, the Deadeye",heroes,Half-Orc,Ranger,Medium,https://app.lootstudios.com/wp-content/uploads/2023/12/FN2401AC06.png,N/A,,
Orcs of Butcherhold,Herkas Oaksword,heroes,Firbolg,Fighter,Medium,https://app.lootstudios.com/wp-content/uploads/2023/12/FN2401AC08.png,N/A,,
Orcs of Butcherhold,Satrix Wildshine,heroes,Halfling,Sorcerer,Small,https://app.lootstudios.com/wp-content/uploads/2024/01/FN2401AC05.png,N/A,,
Orcs of Butcherhold,Sharpclaws Orc,giants,Giant,Fighter,Large,https://app.lootstudios.com/wp-content/uploads/2023/12/FN2401AC02.png,TBC,,
Orcs of Butcherhold,Stormstrike Orc,giants,Giant,Barbarian,Large,https://app.lootstudios.com/wp-content/uploads/2023/12/FN2401AC03.png,TBC,,
Orcs of Butcherhold,"Ygash, Giantbutcher",giants,Giant,Barbarian,Huge,https://app.lootstudios.com/wp-content/uploads/2023/12/FN2401AC01.png,TBC,,
Orcs of Butcherhold,"Fangs, Giantboar",monsters,Monstrosity,N/A,Large,https://app.lootstudios.com/wp-content/uploads/2023/12/FN2401AC04.png,TBC,,
The Curse of the Witchmire,"Athos, Charming Scoundrel",heroes,Catfolk,Rogue,Medium,https://app.lootstudios.com/wp-content/uploads/2024/01/FN2402AC08.png,TBC,,
The Curse of the Witchmire,"Kersh, the Kind Guardian",heroes,Half-Ogre,Warrior,Medium,https://app.lootstudios.com/wp-content/uploads/2024/01/FN2402AC09.png,TBC,,
The Curse of the Witchmire,Norem Gneeve,heroes,Human,Druid,Medium,https://app.lootstudios.com/wp-content/uploads/2024/01/FN2402AC10.png,TBC,,
The Curse of the Witchmire,Auntie Agasyl,enemies,Humanoid,Warlock,Medium,https://app.lootstudios.com/wp-content/uploads/2024/01/FN2402AC03.png,TBC,,
The Curse of the Witchmire,Auntie Agasyl's Mount,enemies,Humanoid,Warlock,Large,https://app.lootstudios.com/wp-content/uploads/2024/01/FN2402AC073.png,TBC,,
The Curse of the Witchmire,Flesh Gobbler,monsters,Monstrosity,N/A,Large,https://app.lootstudios.com/wp-content/uploads/2024/01/FN2402AC13.png,TBC,,
The Curse of the Witchmire,Grim Strawman,monsters,Construct,N/A,Medium,https://app.lootstudios.com/wp-content/uploads/2024/01/FN2402AC04.png,TBC,,
The Curse of the Witchmire,Haunted Scarecrow,monsters,Construct,N/A,Medium,https://app.lootstudios.com/wp-content/uploads/2024/01/FN2402AC021.png,TBC,,
The Curse of the Witchmire,Hellroot Flower,monsters,Monstrosity,N/A,Large,https://app.lootstudios.com/wp-content/uploads/2024/01/FN2402AC14.png,TBC,,
The Curse of the Witchmire,Lilypad Trapper,monsters,Monstrosity,N/A,Medium,https://app.lootstudios.com/wp-content/uploads/2024/01/FN2402AC11.png,TBC,,
The Curse of the Witchmire,Mothman,monsters,Humanoid,N/A,Medium,https://app.lootstudios.com/wp-content/uploads/2024/01/FN2402AC06.png,TBC,,
The Curse of the Witchmire,Toadfolk Mage,monsters,Toadfolk,N/A,Medium,https://app.lootstudios.com/wp-content/uploads/2024/01/FN2402AC01.png,TBC,,
The Curse of the Witchmire,Toadfolk Marksman,monsters,Toadfolk,N/A,Medium,https://app.lootstudios.com/wp-content/uploads/2024/01/FN2402AC18.png,TBC,,
The Curse of the Witchmire,Toadfolk Sentinel,monsters,Toadfolk,N/A,Medium,https://app.lootstudios.com/wp-content/uploads/2024/01/FN2402AC19.png,TBC,,
The Curse of the Witchmire,Will-O-Wisp,monsters,Undead,N/A,Tiny,https://app.lootstudios.com/wp-content/uploads/2024/01/FN2402AC17.png,TBC,,
The Curse of the Witchmire,Giant,giant,Giant,N/A,Huge,https://app.lootstudios.com/wp-content/uploads/2024/01/FN2402AC05.png,TBC,,
The Curse of the Witchmire,"Dodum, the Donkey",beast,Beast,N/A,Medium,https://app.lootstudios.com/wp-content/uploads/2024/01/FN2402AC121.png,TBC,,
The Curse of the Witchmire,Cursed pumpkins,environment,N/A,N/A,Large,https://app.lootstudios.com/wp-content/uploads/2024/01/FN2402AO07.png,TBC,,
The Curse of the Witchmire,Witch's cauldron,environment,N/A,N/A,Medium,https://app.lootstudios.com/wp-content/uploads/2024/01/FN2402AO08.png,TBC,,
The Curse of the Witchmire,Witch's table,environment,N/A,N/A,Large,https://app.lootstudios.com/wp-content/uploads/2024/01/FN2402AO02.png,TBC,,
Reign of the Coldheart,Frost Golem,enemies,,,Large,https://app.lootstudios.com/wp-content/uploads/2024/02/FN2403AC06.png,TBC,,
Reign of the Coldheart,Frozen Mephit,enemies,,,Small,https://app.lootstudios.com/wp-content/uploads/2024/02/FN2403AC08.png,TBC,,
Reign of the Coldheart,Hoarfrost. The Albino Dragon,enemies,,,Huge,https://app.lootstudios.com/wp-content/uploads/2024/02/FN2403AC03.png,TBC,,
Reign of the Coldheart,Ice Wolf,enemies,,,Large,https://app.lootstudios.com/wp-content/uploads/2024/02/FN2403AC05.png,TBC,,
Reign of the Coldheart,Icefrost Lindwyrm,enemies,,,Small,https://app.lootstudios.com/wp-content/uploads/2024/02/FN2403AC09.png,TBC,,
Reign of the Coldheart,Polar Bear,enemies,,,Large,https://app.lootstudios.com/wp-content/uploads/2024/02/FN2403AC01.png,TBC,,
Reign of the Coldheart,Spectral Countess,enemies,,,Medium,https://app.lootstudios.com/wp-content/uploads/2024/02/FN2403AC02.png,TBC,,
Reign of the Coldheart,Wendigo Horror,enemies,,,Large,https://app.lootstudios.com/wp-content/uploads/2024/02/FN2403AC15.png,TBC,,
Reign of the Coldheart,Wicked Snowman,enemies,,,Medium,https://app.lootstudios.com/wp-content/uploads/2024/02/FN2403AC07.png,TBC,,
Reign of the Coldheart,"Zendel Coldheart, the Ice Queen",enemies,Human,Sorcerer,Medium,https://app.lootstudios.com/wp-content/uploads/2024/02/FN2403AC10.png,TBC,,
Reign of the Coldheart,Baine Daelyn,heroes,Elf,Rogue,Medium,https://app.lootstudios.com/wp-content/uploads/2024/02/FN2403AC12.png,TBC,,
Reign of the Coldheart,"Gorug, Glacier Doom",heroes,Mammothfolk,Barbarian,Medium,https://app.lootstudios.com/wp-content/uploads/2024/02/FN2403AC14.png,TBC,,
Reign of the Coldheart,Isolde Daelyn,heroes,Elf,Ranger,Medium,https://app.lootstudios.com/wp-content/uploads/2024/02/FN2403AC13.png,TBC,,
Reign of the Coldheart,Jack Frostfall,heroes,Human,Fighter,Medium,https://app.lootstudios.com/wp-content/uploads/2024/02/FN2403AC04.png,TBC,,
Reign of the Coldheart,Mardar Rhannor,heroes,Human,Warrior,Medium,https://app.lootstudios.com/wp-content/uploads/2024/02/FN2403AC11.png,TBC,,
Reign of the Coldheart,Narzak Thunderstriker,heroes,Orc,Barbarian,Medium,https://app.lootstudios.com/wp-content/uploads/2024/02/FN2403AC20.png,TBC,,
Phoenix Forge,Colossus Battlesuit,construct,N/A,N/A,Huge,https://app.lootstudios.com/wp-content/uploads/2024/03/FN2404AC04.png,,,
Phoenix Forge,Blazing Destroyer,construct,N/A,N/A,Large,https://app.lootstudios.com/wp-content/uploads/2024/03/FN2404AC14.png,,,
Phoenix Forge,Brazen Bull,construct,N/A,N/A,Large,https://app.lootstudios.com/wp-content/uploads/2024/03/FN2404AC07.png,,,
Phoenix Forge,Clay Golem,construct,N/A,N/A,Large,https://app.lootstudios.com/wp-content/uploads/2024/03/FN2404AC01.png,Clay Golem,Construct,Large
Phoenix Forge,Tracking Spider,construct,N/A,N/A,Large,https://app.lootstudios.com/wp-content/uploads/2024/03/FN2404AC05.png,,,
Phoenix Forge,Clockwork Exterminator,construct,N/A,N/A,Small,https://app.lootstudios.com/wp-content/uploads/2024/03/FN2404AC06.png,,,
Phoenix Forge,Armored Sentinel,construct,N/A,N/A,Large,https://app.lootstudios.com/wp-content/uploads/2024/03/FN2404AC09.png,,,
Phoenix Forge,Flaming Armor,construct,N/A,N/A,Medium,https://app.lootstudios.com/wp-content/uploads/2024/03/FN2404AC12.png,,,
Phoenix Forge,Cannoneer Dwarf,enemies,Dwarf,Warrior,Medium,https://app.lootstudios.com/wp-content/uploads/2024/03/FN2404AC10.png,,,
Phoenix Forge,Durgon Lavashaper,enemies,Dwarf,Fighter,Medium,https://app.lootstudios.com/wp-content/uploads/2024/03/FN2404AC11.png,,,
Phoenix Forge,Runeaxe Dwarf,enemies,Dwarf,Barbarian,Medium,https://app.lootstudios.com/wp-content/uploads/2024/03/FN2404AC15.png,,,
Phoenix Forge,Priya Flamestar,heroes,Genasi,Cleric,Medium,https://app.lootstudios.com/wp-content/uploads/2024/03/FN2404AC02.png,,,
Phoenix Forge,"Cinder, the Forgeborn",heroes,Battleforged,Warrior,Medium,https://app.lootstudios.com/wp-content/uploads/2024/03/FN2404AC08.png,,,
Phoenix Forge,Acoria Nakar,heroes,Dragonborn,Barbarian,Medium,https://app.lootstudios.com/wp-content/uploads/2024/03/FN2404AC13.png,,,
Phoenix Forge,"Solaris, the Astral Phoenix",solaris the astral phoenix,N/A,N/A,Gargantuan,,,,
Scarlet Requiem,Arisen Ravenbeast,enemies,shapechanger,N/A,Large,https://app.lootstudios.com/wp-content/uploads/2024/04/FN2405AC02.png,,,
Scarlet Requiem,Baron Voyd Action,enemies,vampire / undead,Warlock,Medium,https://app.lootstudios.com/wp-content/uploads/2024/04/FN2405AC02.png,,,
Scarlet Requiem,Baron Voyd,enemies,vampire / undead,Warlock,Medium,https://app.lootstudios.com/wp-content/uploads/2024/04/FN2405AC01.png,,,
Scarlet Requiem,Priest Engelin,enemies,human,Cleric,Medium,https://app.lootstudios.com/wp-content/uploads/2024/04/FN2405AC04.jpg,,,
Scarlet Requiem,Sweet Agatha,enemies,human,Wizard,Medium,https://app.lootstudios.com/wp-content/uploads/2024/04/FN2405AC07.jpg,,,
Scarlet Requiem,Wrathful Cierpena,enemies,vampire / undead,Warrior,Medium,https://app.lootstudios.com/wp-content/uploads/2024/04/FN2405AC08.jpg,,,
Scarlet Requiem,Insensitive Leidina,enemies,vampire / undead,Cleric,Medium,https://app.lootstudios.com/wp-content/uploads/2024/04/FN2405AC09.png,,,
Scarlet Requiem,Fortuni Arcana,enemies,human,N/A,Medium,https://app.lootstudios.com/wp-content/uploads/2024/04/FN2405AC10.jpg,,,
Scarlet Requiem,Wereraven Oathkeeper,enemies,shapechanger,N/A,Medium,https://app.lootstudios.com/wp-content/uploads/2024/04/FN2405AC11.jpg,,,
Scarlet Requiem,Travelling Fortuni,enemies,human,N/A,Medium,https://app.lootstudios.com/wp-content/uploads/2024/04/FN2405AC12.jpg,,,
Scarlet Requiem,Dreadwolf,enemies,beast,N/A,Large,https://app.lootstudios.com/wp-content/uploads/2024/04/FN2405AC14.jpg,,,
Scarlet Requiem,Reckless Goria,enemies,vampire / undead,Rogue,Medium,https://app.lootstudios.com/wp-content/uploads/2024/04/FN2405AC15.jpg,,,
Scarlet Requiem,Crow of Murders,enemies,monstrosity,N/A,Large,https://app.lootstudios.com/wp-content/uploads/2024/04/FN2405AC16.jpg,,,
Scarlet Requiem,"Dolores, Who Lingers",enemies,golem,N/A,Medium,https://app.lootstudios.com/wp-content/uploads/2024/04/FN2405AC17.jpg,,,
Scarlet Requiem,The Raspanti Siblings,enemies,human,N/A,Medium,https://app.lootstudios.com/wp-content/uploads/2024/04/FN2405AC18.jpg,,,
Scarlet Requiem,Brigham Deathstoker,heroes,human,Paladin,Medium,https://app.lootstudios.com/wp-content/uploads/2024/04/FN2405AC06.jpg,,,
Scarlet Requiem,Laura Anselina,heroes,human,Fighter,Medium,https://app.lootstudios.com/wp-content/uploads/2024/04/FN2405AC03.jpg,,,
Scarlet Requiem,Thorne Von Hickman,heroes,human,Ranger,Medium,https://app.lootstudios.com/wp-content/uploads/2024/04/FN2405AC05.jpg,,,
Faewood Haven,"Oberon, King of Equinox",enemies,fey,Bard,Medium,https://app.lootstudios.com/wp-content/uploads/2024/05/FN2406AC04.jpg,,,
Faewood Haven,"Ophelia, Queen of Solstice",enemies,fey,Sorcerer,Medium,https://app.lootstudios.com/wp-content/uploads/2024/05/FN2406AC05.jpg,,,
Faewood Haven,Mother Treant,enemies,treant / plant,N/A,Large,https://app.lootstudios.com/wp-content/uploads/2024/05/FN2406AC11.jpg,,,
Faewood Haven,"Ludo, Forest Troll",enemies,troll / giant,N/A,Large,https://app.lootstudios.com/wp-content/uploads/2024/05/FN2406AC08.jpg,,,
Faewood Haven,Wilds Champion,enemies,Monstrosity,N/A,Medium,https://app.lootstudios.com/wp-content/uploads/2024/06/Faewood_Spoiler_v2-4.jpg,,,
Faewood Haven,Pixie Guard,enemies,fey,N/A,Tiny,https://app.lootstudios.com/wp-content/uploads/2024/05/FN2406AC10.jpg,,,
Faewood Haven,Pixie Warrior,enemies,fey,N/A,Tiny,https://app.lootstudios.com/wp-content/uploads/2024/05/FN2406AC17.jpg,,,
Faewood Haven,Ancient Fairy Dragon,enemies,dragon,N/A,Small,https://app.lootstudios.com/wp-content/uploads/2024/05/FN2406AC15.jpg,,,
Faewood Haven,Luminous Archon,enemies,beast,N/A,Huge,https://app.lootstudios.com/wp-content/uploads/2024/05/FN2406AC13.jpg,,,
Faewood Haven,"Daro and Gluss, the Wanderers",enemies,fey,N/A,Large,https://app.lootstudios.com/wp-content/uploads/2024/05/FN2406AC12.jpg,,,
Faewood Haven,Daro Greeny,enemies,fey,N/A,Medium,https://app.lootstudios.com/wp-content/uploads/2024/05/FN2406AC16.jpg,,,
Faewood Haven,Skull Boglin,enemies,fey,N/A,Small,https://app.lootstudios.com/wp-content/uploads/2024/05/FN2406AC14.jpg,,,
Faewood Haven,"Cascadia, the Nymph",enemies,fey,N/A,Medium,https://app.lootstudios.com/wp-content/uploads/2024/05/FN2406AC06.jpg,,,
Faewood Haven,Bamf Dog,enemies,beast,N/A,Medium,https://app.lootstudios.com/wp-content/uploads/2024/05/FN2406AC07.jpg,,,
Faewood Haven,Lorwen Markfall,heroes,eladrin,Ranger,Medium,https://app.lootstudios.com/wp-content/uploads/2024/06/Faewood_Spoiler_v2-3.jpg,,,
Faewood Haven,Lamara Moonray,heroes,satyr,Druid,Medium,https://app.lootstudios.com/wp-content/uploads/2024/06/Faewood_Spoiler_v2-1.jpg,,,
Faewood Haven,Jathas Springblade,heroes,eladrin,Rogue,Medium,https://app.lootstudios.com/wp-content/uploads/2024/06/Faewood_Spoiler_v2-2.jpg,,,
The Undercaves,Ancient Rock Worm,enemies,Monstrosity,N/A,Gargantuan,https://app.lootstudios.com/wp-content/uploads/2024/07/3DPH9905-2-scaled.jpg,,,
The Undercaves,Black Pudding,enemies,ooze,N/A,Large,https://app.lootstudios.com/wp-content/uploads/2024/06/FN2407AC02.png,Black Pudding,Ooze,Large
The Undercaves,Young Rock Worm,enemies,Monstrosity,N/A,Large,https://app.lootstudios.com/wp-content/uploads/2024/06/FN2407AC01.png,,,
The Undercaves,Elder Gelatinous Cube,enemies,ooze,N/A,Large,https://app.lootstudios.com/wp-content/uploads/2024/06/3.jpg,,,
The Undercaves,Ravenous Bulette,enemies,Monstrosity,N/A,Large,https://app.lootstudios.com/wp-content/uploads/2024/06/3DPH9873-scaled.jpg,,,
The Undercaves,Stone Colossus,enemies,giant,N/A,Giant,https://app.lootstudios.com/wp-content/uploads/2024/07/9.jpg,,,
The Undercaves,Gloom Bison,enemies,beast,N/A,Large,https://app.lootstudios.com/wp-content/uploads/2024/07/3DPH9895-scaled.jpg,,,
The Undercaves,Darkmantle,enemies,Monstrosity,N/A,,https://app.lootstudios.com/wp-content/uploads/2024/07/3DPH9892-1.jpg,Darkmantle,Monstrosity,Small
The Undercaves,Razor Horror,enemies,Monstrosity,N/A,Large,https://app.lootstudios.com/wp-content/uploads/2024/06/FN2407AC14.png,,#N/A,#N/A
The Undercaves,The Mindbreaker,enemies,cthulufolk / aberration,N/A,Medium,https://app.lootstudios.com/wp-content/uploads/2024/07/11.jpg,,#N/A,#N/A
The Undercaves,Nerissa Duskar,heroes,drow,Ranger,Medium,https://app.lootstudios.com/wp-content/uploads/2024/07/6.jpg,,#N/A,#N/A
The Undercaves,Gwelin Umbrastrike,heroes,Duergar,Rogue,Medium,https://app.lootstudios.com/wp-content/uploads/2024/07/1.jpg,,#N/A,#N/A
The Undercaves,Thorman Earthblast,heroes,Duergar,Barbarian,Medium,https://app.lootstudios.com/wp-content/uploads/2024/07/4.jpg,,#N/A,#N/A
The Undercaves,Dolkan the Mad,heroes,Duergar,Sorcerer,Medium,https://app.lootstudios.com/wp-content/uploads/2024/07/5.jpg,,#N/A,#N/A
The Undercaves,Basidio,heroes,mushroomfolk,Fighter,Medium,https://app.lootstudios.com/wp-content/uploads/2024/06/FN2407AC15.png,,#N/A,#N/A
The Undercaves,Wittan Stonebender,heroes,deep gnome,Warrior,Small,https://app.lootstudios.com/wp-content/uploads/2024/07/3DPH9890-scaled.jpg,,#N/A,#N/A
Chaos in Haydale,Dorothea Thorn,heroes,elf,druid,Medium,https://app.lootstudios.com/wp-content/uploads/2024/07/FN2408AC02.png,,#N/A,#N/A
Chaos in Haydale,Brillante,heroes,beast,,Large,https://app.lootstudios.com/wp-content/uploads/2024/07/FN2408AC08.png,,#N/A,#N/A
Chaos in Haydale,"Sir Anton, the Dauntless",heroes,human,warrior,Medium,https://app.lootstudios.com/wp-content/uploads/2024/07/FN2408AC04.png,,#N/A,#N/A
Chaos in Haydale,Cesar Chortle,heroes,human,fighter,Medium,https://app.lootstudios.com/wp-content/uploads/2024/07/FN2408AC16.png,,#N/A,#N/A
Chaos in Haydale,The Wicker Man,enemies,monstrosity / construct,,Gargantuan,https://app.lootstudios.com/wp-content/uploads/2024/07/FN2408AC06.png,,#N/A,#N/A
Chaos in Haydale,"Gron, the Grand",enemies,hobgoblin,warrior,Medium,https://app.lootstudios.com/wp-content/uploads/2024/07/FN2408AC05.png,,#N/A,#N/A
Chaos in Haydale,"Yeasha and Yarvo, the Flamebinders",enemies,giant,,Large,https://app.lootstudios.com/wp-content/uploads/2024/07/FN2408AC11.jpg,,#N/A,#N/A
Chaos in Haydale,Doglin,enemies,monstrosity,,Medium,https://app.lootstudios.com/wp-content/uploads/2024/07/FN2408AC03.png,,#N/A,#N/A
Chaos in Haydale,Fire Striker,enemies,hobgoblin,fighter,Medium,https://app.lootstudios.com/wp-content/uploads/2024/07/FN2408AC07.png,,#N/A,#N/A
Chaos in Haydale,Brutal Stirge,enemies,beast,,Small,https://app.lootstudios.com/wp-content/uploads/2024/07/FN2408AC09.png,,#N/A,#N/A
Chaos in Haydale,Vicious Butcher,enemies,hobgoblin,warrior,Medium,https://app.lootstudios.com/wp-content/uploads/2024/07/FN2408AC10.png,,#N/A,#N/A
Chaos in Haydale,Shadow Binder,enemies,hobgoblin,warlock,Medium,https://app.lootstudios.com/wp-content/uploads/2024/07/FN2408AC12.png,,#N/A,#N/A
Chaos in Haydale,Bugbear Skirmisher,enemies,bugbear,fighter,Medium,https://app.lootstudios.com/wp-content/uploads/2024/07/FN2408AC13.png,,#N/A,#N/A
Chaos in Haydale,Bugbear Champion,enemies,bugbear,barbarian,Medium,https://app.lootstudios.com/wp-content/uploads/2024/07/FN2408AC14.png,,#N/A,#N/A
Chaos in Haydale,Battle Herald,enemies,hobgoblin,sorcerer,Medium,https://app.lootstudios.com/wp-content/uploads/2024/07/FN2408AC15.png,,#N/A,#N/A
Chaos in Haydale,Crowchaser Golem,enemies,Construct,,Large,https://app.lootstudios.com/wp-content/uploads/2024/07/FN2408AC01.jpg,,#N/A,#N/A
Mystery in Panshaw,Griff Rider,enemies,Human,warrior,Medium,https://app.lootstudios.com/wp-content/uploads/2024/08/FN2409AC02.png,,#N/A,#N/A
Mystery in Panshaw,City Guard,enemies,Human,Warrior,Medium,https://app.lootstudios.com/wp-content/uploads/2024/08/FN2409AC14.png,,#N/A,#N/A
Mystery in Panshaw,Doppleganger,enemies,Monstrosity,N/A,Medium,https://app.lootstudios.com/wp-content/uploads/2024/08/FN2409AC09.png,,#N/A,#N/A
Mystery in Panshaw,Panshaw Elite Guard,enemies,Human,Paladin,Medium,https://app.lootstudios.com/wp-content/uploads/2024/08/FN2409AC10.png,,#N/A,#N/A
Mystery in Panshaw,Ughra Hailbreaker,enemies,Orc,Barbarian,Medium,https://app.lootstudios.com/wp-content/uploads/2024/08/FN2409AC15.png,,#N/A,#N/A
Mystery in Panshaw,Shadow Panther,enemies,Monstrosity,N/A,Medium,https://app.lootstudios.com/wp-content/uploads/2024/08/FN2409AC17.png,,#N/A,#N/A
Mystery in Panshaw,Cole Nightshade,enemies,Undead,Ranger,Medium,https://app.lootstudios.com/wp-content/uploads/2024/08/FN2409AC01.png,,#N/A,#N/A
Mystery in Panshaw,Magistrate Vurneg,enemies,Human,N/A,Medium,https://app.lootstudios.com/wp-content/uploads/2024/08/FN2409AC04.png,,#N/A,#N/A
Mystery in Panshaw,Roran Stonewood,enemies,Elf,Ranger,Medium,https://app.lootstudios.com/wp-content/uploads/2024/08/FN2409AC07.png,,#N/A,#N/A
Mystery in Panshaw,Garver Mosshands,heroes,Halfling,Sorcerer,Medium,https://app.lootstudios.com/wp-content/uploads/2024/08/FN2409AC16.png,N/A,,
Mystery in Panshaw,Soft Dagger,heroes,Catfolk,Rogue,Medium,https://app.lootstudios.com/wp-content/uploads/2024/08/FN2409AC12.png,N/A,,
Mystery in Panshaw,Iaros Gloomstar,heroes,Tiefling,Warlock,Medium,https://app.lootstudios.com/wp-content/uploads/2024/08/FN2409AC08.png,N/A,,
Mystery in Panshaw,Old Brom Tricksleeves,npcs,Human,N/A,Medium,https://app.lootstudios.com/wp-content/uploads/2024/08/FN2409AC05.png,N/A,,
Mystery in Panshaw,Drop Bear,npcs,Monstrosity,N/A,Medium,https://app.lootstudios.com/wp-content/uploads/2024/08/FN2409AC13.png,N/A,,
Free Mini Pack,Goblin Scoundrel,enemies,Goblinoid,Rogue,Small,https://app.lootstudios.com/wp-content/uploads/2023/05/FN2207AC15.png,Goblin,Humanoid (Goblinoid),Small
Free Mini Pack,Festering Troll,enemies,troll / giant,N/A,Large,https://app.lootstudios.com/wp-content/uploads/2023/05/FN2202AC14.png,,#N/A,#N/A
Free Mini Pack,Toadfolk Marksman,enemies,Frogfolk,N/A,Medium,https://app.lootstudios.com/wp-content/uploads/2024/01/FN2402AC18.png,,#N/A,#N/A
Free Mini Pack,Goblin Warrior,enemies,Goblinoid,Fighter,Small,https://app.lootstudios.com/wp-content/uploads/2023/05/FN2207AC13.png,,#N/A,#N/A
Free Mini Pack,Aunty Gremeth EverYouth,enemies,Fey,Sorcerer / Warlock,Medium,https://app.lootstudios.com/wp-content/uploads/2023/05/FN2302AC10.png,,#N/A,#N/A
Free Mini Pack,Toadfolk Sentinel,enemies,Frogfolk,N/A,Medium,https://app.lootstudios.com/wp-content/uploads/2024/01/FN2402AC19.png,,#N/A,#N/A
Free Mini Pack,"Sheera, Pyromancer Apprentice",heroes,Elf,Wizard,Medium,https://app.lootstudios.com/wp-content/uploads/2023/05/FN2303AC13.png,,#N/A,#N/A
Free Mini Pack,Usgrit Dragonslayer,heroes,Dwarf,Fighter,Medium,https://app.lootstudios.com/wp-content/uploads/2023/06/FN2306AC09.png,,#N/A,#N/A
Free Mini Pack,One Eyed Rogue,heroes,Human,Rogue,Medium,https://app.lootstudios.com/wp-content/uploads/2023/05/FN2301AC11.png,,#N/A,#N/A
Abyssal Haze,Prince of the Void,enemies,Demon,N/A,Huge,https://app.lootstudios.com/wp-content/uploads/2024/09/FN2410AC13.png,N/A,,
Abyssal Haze,Void Hydra,enemies,Monstrosity,N/A,Large,https://app.lootstudios.com/wp-content/uploads/2024/09/FN2410AC05.png,N/A,,
Abyssal Haze,Gremlincat,enemies,Beast,N/A,Small,https://app.lootstudios.com/wp-content/uploads/2024/09/FN2410AC01.png,N/A,,
Abyssal Haze,Flayed Skin,enemies,Undead,N/A,Medium,https://app.lootstudios.com/wp-content/uploads/2024/09/FN2410AC04.png,,#N/A,#N/A
Abyssal Haze,Void Mouth,enemies,Monstrosity,N/A,Medium,https://app.lootstudios.com/wp-content/uploads/2024/09/FN2410AC08.png,Gibbering Mouther,Aberration,Medium
Abyssal Haze,Screeching Bodak,enemies,Monstrosity,N/A,Medium,https://app.lootstudios.com/wp-content/uploads/2024/09/FN2410AC14.png,Bodak,Undead,Medium
Abyssal Haze,Bell Head,enemies,Undead,N/A,Large,https://app.lootstudios.com/wp-content/uploads/2024/09/FN2410AC11.png,N/A,,
Abyssal Haze,"Lord Gaspard, the Parasyte",enemies,Undead,Warlock,Medium,https://app.lootstudios.com/wp-content/uploads/2024/09/FN2410AC07.png,N/A,,
Abyssal Haze,Cursed Maiden,enemies,Aberration,N/A,Large,https://app.lootstudios.com/wp-content/uploads/2024/09/FN2410AC02.png,N/A,,
Abyssal Haze,Sightless Torturer,enemies,Undead,N/A,Medium,https://app.lootstudios.com/wp-content/uploads/2024/09/FN2410AC06.png,N/A,,
Abyssal Haze,Dreadful Nurse,enemies,Monstrosity,N/A,Medium,https://app.lootstudios.com/wp-content/uploads/2024/09/FN2410AC10.png,N/A,,
Abyssal Haze,Cornelia Dawne,heroes,Human,Barbarian,Medium,https://app.lootstudios.com/wp-content/uploads/2024/09/FN2410AC03.png,N/A,,
Abyssal Haze,Tainted Hunter,heroes,Human,Fighter,Medium,https://app.lootstudios.com/wp-content/uploads/2024/09/FN2410AC12.png,N/A,,
Abyssal Haze,"Nathan, the Hound",heroes,Human,Ranger,Medium,https://app.lootstudios.com/wp-content/uploads/2024/09/FN2410AC09.png,N/A,,
Arthurian Tales,King Arthur Pendragon,heroes,Human,Paladin,Medium,https://app.lootstudios.com/wp-content/uploads/2024/10/FN2411AC02.png,N/A,,
Arthurian Tales,"Merlin, Archmage of Camelot",heroes,Human,Wizard,Medium,https://app.lootstudios.com/wp-content/uploads/2024/10/FN2411AC05.png,N/A,,
Arthurian Tales,Lady of the Lake,heroes,Merrow,Wizard,Large,https://app.lootstudios.com/wp-content/uploads/2024/10/FN2411AC10.png,N/A,,
Arthurian Tales,"Dindrane, Grail Heroine",heroes,Human,Paladin,Medium,https://app.lootstudios.com/wp-content/uploads/2024/10/FN2411AC17.png,N/A,,
Arthurian Tales,Lancelot of the Lake,heroes,Human,Fighter,Medium,https://app.lootstudios.com/wp-content/uploads/2024/10/FN2411AC04.png,N/A,,
Arthurian Tales,Queen Guinevere,heroes,Human,Sorcerer,Medium,https://app.lootstudios.com/wp-content/uploads/2024/10/FN2411AC08.png,N/A,,
Arthurian Tales,"Galahad, Grailseeker",heroes,Human,Paladin,Large,https://app.lootstudios.com/wp-content/uploads/2024/10/FN2411AC11.png,N/A,,
Arthurian Tales,"Thaloryus, Scourge of Kingdoms",enemies,Dragon,N/A,Huge,https://app.lootstudios.com/wp-content/uploads/2024/10/FN2411AC01.png,N/A,,
Arthurian Tales,"Mordred, the Usurper",enemies,Human,Fighter,Medium,https://app.lootstudios.com/wp-content/uploads/2024/10/FN2411AC06.png,N/A,,
Arthurian Tales,Green Knight,enemies,Elemental,Fighter,Medium,https://app.lootstudios.com/wp-content/uploads/2024/10/FN2411AC09.png,N/A,,
Arthurian Tales,Afanc,enemies,Monstrosity,N/A,Large,https://app.lootstudios.com/wp-content/uploads/2024/10/FN2411AC13.png,N/A,,
Arthurian Tales,Morgan le Fay,enemies,Human,Warlock,Medium,https://app.lootstudios.com/wp-content/uploads/2024/10/FN2411AC03.png,N/A,,
Arthurian Tales,Black Knight,enemies,Human,Fighter,Medium,https://app.lootstudios.com/wp-content/uploads/2024/10/FN2411AC07.png,N/A,,
Arthurian Tales,Questing Beast,enemies,Monstrosity,N/A,Large,https://app.lootstudios.com/wp-content/uploads/2024/10/FN2411AC12.png,N/A,,
Arthurian Tales,"Galehaut, Half-blood Giant",enemies,Half-Giant,Fighter,Large,https://app.lootstudios.com/wp-content/uploads/2024/10/FN2411AC14.png,N/A,,
Rise of Draconians,"Izat'al, Dragon Empress",enemies,Dragon,N/A,Gargantuan,https://app.lootstudios.com/wp-content/uploads/2024/11/izatal_squared-1.png,Tiamat,Fiend,Gargantuan
Rise of Draconians,Draconian Slayer,enemies,Draconian,Barbarian,Large,https://app.lootstudios.com/wp-content/uploads/2024/11/FN2412AC05.png,Green Abishai,Fiend (Devil),Medium
Rise of Draconians,Draconian Spellblade,enemies,Draconian,Fighter,Medium,https://app.lootstudios.com/wp-content/uploads/2024/11/FN2412AC09.png,Black Abishai,Fiend (Devil),Medium
Rise of Draconians,"Oweyn, the Dread Mountain",enemies,Human,N/A,Medium,https://app.lootstudios.com/wp-content/uploads/2024/11/FN2412AC12.png,Berserker,Humanoid (Any Race),Medium
Rise of Draconians,"Izat'al, Human Form",enemies,Human,Warlock,Medium,https://app.lootstudios.com/wp-content/uploads/2024/11/FN2412AC03.png,N/A,,
Rise of Draconians,Draconian General,enemies,Draconian,Ranger,Medium,https://app.lootstudios.com/wp-content/uploads/2024/11/FN2412AC06.png,Red Abishai,Fiend (Devil),Medium
Rise of Draconians,Draconian Terror,enemies,Draconian,Fighter,Large,https://app.lootstudios.com/wp-content/uploads/2024/11/FN2412AC10.png,Blue Abishai,"Fiend (Devil, Wizard)",Medium
Rise of Draconians,Draconian Stalker,enemies,Draconian,N/A,Medium,https://app.lootstudios.com/wp-content/uploads/2024/11/FN2412AC15.png,White Abishai,Fiend,Medium
Rise of Draconians,"Lien, Sharp Sight",heroes,Human,Ranger,Medium,https://app.lootstudios.com/wp-content/uploads/2024/11/FN2412AC02.png,N/A,,
Rise of Draconians,Abras Eleram,heroes,Human,Rogue,Medium,https://app.lootstudios.com/wp-content/uploads/2024/11/FN2412AC07.png,N/A,,
Rise of Draconians,"Alart, the Spearknight",heroes,Human,Paladin,Medium,https://app.lootstudios.com/wp-content/uploads/2024/11/FN2412AC07.png,N/A,,
Rise of Draconians,Syndra Burrfoot,heroes,Human,Rogue,Medium,https://app.lootstudios.com/wp-content/uploads/2024/11/FN2412AC04.png,N/A,,
Rise of Draconians,Lugvor Ulskin,heroes,Human,Paladin,Medium,https://app.lootstudios.com/wp-content/uploads/2024/11/FN2412AC08.png,N/A,,
Rise of Draconians,"Imayn, Wyrmguard Traitor",heroes,Human,N/A,Medium,https://app.lootstudios.com/wp-content/uploads/2024/11/FN2412AC13.png,N/A,,
Rotten Rats,Azure Riverbend,heroes,Genasi,Sorcerer,Medium,https://app.lootstudios.com/wp-content/uploads/2024/12/FN2501AC03.png,N/A,,
Rotten Rats,Oris Damyar,heroes,Shifter,Barbarian,Medium,https://app.lootstudios.com/wp-content/uploads/2024/12/FN2501AC05.png,N/A,,
Rotten Rats,Master Raz,heroes,Ratfolk,Monk,Medium,https://app.lootstudios.com/wp-content/uploads/2024/12/FN2501AC04.png,N/A,,
Rotten Rats,"Acrek, the Sewer Ruler",enemies,Aberration,N/A,Large,https://app.lootstudios.com/wp-content/uploads/2024/12/FN2501AC16.png,N/A,,
Rotten Rats,Cadaver Vermin,enemies,Monstrosity,N/A,Large,https://app.lootstudios.com/wp-content/uploads/2024/12/FN2501AC07.png,Carrion Crawler,Monstrosity,Large
Rotten Rats,Giant Rat,enemies,Beast,N/A,Small,https://app.lootstudios.com/wp-content/uploads/2024/12/FN2501AC01.png,Giant Rat,Beast,Small
Rotten Rats,Ooze Mephit,enemies,Elemental,N/A,Medium,https://app.lootstudios.com/wp-content/uploads/2024/12/FN2501AC08.png,N/A,,
Rotten Rats,Rat Catcher,enemies,Human,Ranger,Medium,https://app.lootstudios.com/wp-content/uploads/2024/12/FN2501AC10.png,N/A,,
Rotten Rats,Ratfolk Caster,enemies,Ratfolk,Sorcerer,Medium,https://app.lootstudios.com/wp-content/uploads/2024/12/FN2501AC12.png,Wererat,Humanoid,Medium
Rotten Rats,Rotten Bandit,enemies,Ratfolk,Rogue,Medium,https://app.lootstudios.com/wp-content/uploads/2024/12/FN2501AC11.png,Wererat,Humanoid,Medium
Rotten Rats,Aunty Decrepita,enemies,Fey,N/A,Medium,https://app.lootstudios.com/wp-content/uploads/2024/12/FN2501AC14.png,Green Hag,Fey,Medium
Rotten Rats,Decrepit Swine,enemies,Beast,N/A,Large,https://app.lootstudios.com/wp-content/uploads/2024/12/FN2501AC15.png,Green Hag,Fey,Medium
Rotten Rats,Mazara A'Duran,enemies,Drow,N/A,Medium,https://app.lootstudios.com/wp-content/uploads/2024/12/FN2501AC06.png,Drow Arachnomancer,Humanoid (Elf),Medium
Rotten Rats,Rabid Rat Swarm,enemies,Beast,N/A,Small,https://app.lootstudios.com/wp-content/uploads/2024/12/FN2501AC02.png,Swarm of Rats,Swarm Of Tiny Beasts,Medium
Rotten Rats,Ratfolk Bomber,enemies,Ratfolk,Artificer,Medium,https://app.lootstudios.com/wp-content/uploads/2024/12/FN2501AC13.png,Wererat,Humanoid,Medium
Rotten Rats,Risen Funghi,enemies,Undead,N/A,Medium,https://app.lootstudios.com/wp-content/uploads/2024/12/FN2501AC09.png,N/A,,
Wondermania,"Alice, Heartbreaker",heroes,Human,Fighter,Medium,https://app.lootstudios.com/wp-content/uploads/2025/01/FN2502AC05.png,,,
Wondermania,"Tenniel, Mad Hatter",heroes,Human,Sorcerer,Medium,https://app.lootstudios.com/wp-content/uploads/2025/01/FN2502AC09.png,,,
Wondermania,Cheshire Cat,heroes,Fey,N/A,Large,https://app.lootstudios.com/wp-content/uploads/2025/01/FN2502AC12.png,,,
Wondermania,Battle Flamingo,heroes,Beast,N/A,Large,https://app.lootstudios.com/wp-content/uploads/2025/01/FN2502AC06.png,,,
Wondermania,Lewis Carrot,heroes,Rabbitfolk,N/A,Medium,https://app.lootstudios.com/wp-content/uploads/2025/01/FN2502AC10.png,,,
Wondermania,Prophet Caterpillar,heroes,Fey,N/A,Large,https://app.lootstudios.com/wp-content/uploads/2025/01/FN2502AC14.png,,,
Wondermania,Jabberwock,enemies,Dragon,N/A,Huge,https://app.lootstudios.com/wp-content/uploads/2025/01/FN2502AC11.png,,,
Wondermania,Duelist of Hearts,enemies,Human,Fighter,Medium,https://app.lootstudios.com/wp-content/uploads/2025/01/FN2502AC02.png,,,
Wondermania,Rose Dryad,enemies,Dryad/Fey,N/A,Medium,https://app.lootstudios.com/wp-content/uploads/2025/01/FN2502AC04.png,,,
Wondermania,Rose Spider,enemies,Monstrosity/Spider,N/A,Medium,https://app.lootstudios.com/wp-content/uploads/2025/01/FN2502AC08.png,,,
Wondermania,Queen of Hearts,enemies,Fey,Warlock,Medium,https://app.lootstudios.com/wp-content/uploads/2025/01/FN2502AC15.png,,,
Wondermania,Executioner of Hearts,enemies,Human,Barbarian,Medium,https://app.lootstudios.com/wp-content/uploads/2025/01/FN2502AC03.png,,,
Wondermania,Crossbowman of Hearts,enemies,Human,Ranger,Medium,https://app.lootstudios.com/wp-content/uploads/2025/01/FN2502AC01.png,,,
Wondermania,Tweedledum and Tweedledee,enemies,Goblin/Fey,N/A,Medium,https://app.lootstudios.com/wp-content/uploads/2025/01/FN2502AC07.png,,,
Wondermania,Humpty Dumpty,enemies,Construct,N/A,Large,https://app.lootstudios.com/wp-content/uploads/2025/01/FN2502AC13.png,,,
Wondermania,Knave of Heart,enemies,Human,Fighter,Medium,https://app.lootstudios.com/wp-content/uploads/2025/01/FN2502AC16.png,,,
All That Glitters,"Basaltia, Voice of Earth",heroes,Genasi,Monk,Medium,https://app.lootstudios.com/wp-content/uploads/2025/02/FN2503AC07.png,,,
All That Glitters,Meranda Stoneroar,heroes,Dwarf,Cleric,Medium,https://app.lootstudios.com/wp-content/uploads/2025/02/FN2503AC06.png,,,
All That Glitters,"Quisk, Danger Sensor",heroes,Beastfolk,Ranger,Medium,https://app.lootstudios.com/wp-content/uploads/2025/02/FN2503AC15.png,,,
All That Glitters,Rorir Cavalieri,heroes,Dwarf,Fighter,Medium,https://app.lootstudios.com/wp-content/uploads/2025/02/FN2503AC05.png,,,
All That Glitters,Thunik Falconcini,heroes,Dwarf,Ranger,Medium,https://app.lootstudios.com/wp-content/uploads/2025/02/FN2503AC14.png,,,
All That Glitters,Aurumvorax,enemies,N/A,N/A,Medium,https://app.lootstudios.com/wp-content/uploads/2025/02/FN2503AC13.png,,,
All That Glitters,Cursed Vessel Golem,enemies,N/A,N/A,Large,https://app.lootstudios.com/wp-content/uploads/2025/02/FN2503AC09.png,,,
All That Glitters,Dronesong Elemental,enemies,N/A,N/A,Medium,https://app.lootstudios.com/wp-content/uploads/2025/02/FN2503AC10.png,,,
All That Glitters,Grasping Cavernid,enemies,N/A,N/A,Medium,https://app.lootstudios.com/wp-content/uploads/2025/02/FN2503AC11.png,,,
All That Glitters,"Imreel, Wishgranter",enemies,N/A,N/A,Large,https://app.lootstudios.com/wp-content/uploads/2025/02/FN2503AC03.png,,,
All That Glitters,Kin Gordias,enemies,N/A,N/A,Medium,https://app.lootstudios.com/wp-content/uploads/2025/02/FN2503AC04.png,,,
All That Glitters,Manbat Horror,enemies,N/A,N/A,Medium,https://app.lootstudios.com/wp-content/uploads/2025/02/FN2503AC02.png,,,
All That Glitters,Swarm of Bats,enemies,N/A,N/A,Medium,https://app.lootstudios.com/wp-content/uploads/2025/02/FN2503AC01.png,,,
All That Glitters,Treasure Troll,enemies,N/A,N/A,Large,https://app.lootstudios.com/wp-content/uploads/2025/02/FN2503AC12.png,,,
All That Glitters,Xorn,enemies,N/A,N/A,Medium,https://app.lootstudios.com/wp-content/uploads/2025/02/FN2503AC08.png,,,
Trials of Hades,"Heracles, Sorrowful Warrior",heroes,Human,Barbarian,Medium,https://app.lootstudios.com/wp-content/uploads/2025/03/FN2504AC01.png,,,
Trials of Hades,"Circe, Sun's Daughter",heroes,Human,Wizard,Medium,https://app.lootstudios.com/wp-content/uploads/2025/03/FN2504AC02-1.png,,,
Trials of Hades,"Kanaya, Agrotera Champion",heroes,Satyr,Ranger,Medium,https://app.lootstudios.com/wp-content/uploads/2025/03/FN2504AC03.png,,,
Trials of Hades,"Kanaton, Crushing Wave",heroes,N/A,Monk,Medium,https://app.lootstudios.com/wp-content/uploads/2025/03/FN2504AC04.png,,,
Trials of Hades,"Ilyeus, Forged Champion",heroes,N/A,Fighter,Medium,https://app.lootstudios.com/wp-content/uploads/2025/03/FN2504AC05.png,,,
Trials of Hades,"Orpheus, Master of Strings",heroes,Human,Bard,Medium,https://app.lootstudios.com/wp-content/uploads/2025/03/FN2504AC09.png,,,
Trials of Hades,"Alecto, Binder of Oaths",enemies,N/A,N/A,Medium,https://app.lootstudios.com/wp-content/uploads/2025/03/FN2504AC06.png,,,
Trials of Hades,"Megaera, Venomous Vengeance",enemies,N/A,N/A,Medium,https://app.lootstudios.com/wp-content/uploads/2025/03/FN2504AC07.png,,,
Trials of Hades,"Tisiphone, Soul Flayer",enemies,N/A,N/A,Medium,https://app.lootstudios.com/wp-content/uploads/2025/03/FN2504AC08.png,,,
Trials of Hades,Amphisbaena,enemies,N/A,N/A,Medium,https://app.lootstudios.com/wp-content/uploads/2025/03/FN2504AC10.png,,,
Trials of Hades,Hades Sphinx,enemies,N/A,N/A,Large,https://app.lootstudios.com/wp-content/uploads/2025/03/FN2504AC11.png,,,
Trials of Hades,"Euriale, Matron of Snakes",enemies,N/A,N/A,Large,https://app.lootstudios.com/wp-content/uploads/2025/03/FN2504AC12.png,,,
Trials of Hades,Hellish Guardian,enemies,N/A,N/A,Large,https://app.lootstudios.com/wp-content/uploads/2025/03/FN2504AC13.png,,,
Trials of Hades,"Hades, Lord of the Underworld",enemies,N/A,N/A,Large,https://app.lootstudios.com/wp-content/uploads/2025/03/FN2504AC14.png,,,
Trials of Hades,"Cerberus, Underworld Tormentor",enemies,N/A,N/A,Gargantuan,https://app.lootstudios.com/wp-content/uploads/2025/03/FN2504AC15.png,,,
Shadow of Vengeance,"Dark Fang, Shadow Dragon",enemies,N/A,N/A,Gargantuan,https://app.lootstudios.com/wp-content/uploads/2025/04/FN2505AC01.png,,,
Shadow of Vengeance,Profane Nightwalker,enemies,N/A,N/A,Huge,https://app.lootstudios.com/wp-content/uploads/2025/04/FN2505AC03.png,,,
Shadow of Vengeance,Gloom Spectre,enemies,N/A,N/A,Medium,https://app.lootstudios.com/wp-content/uploads/2025/04/FN2505AC04.png,,,
Shadow of Vengeance,Rancerous Goblins,enemies,N/A,N/A,Small,https://app.lootstudios.com/wp-content/uploads/2025/04/FN2505AC07.png,,,
Shadow of Vengeance,Putrid Owlbear,enemies,N/A,N/A,Large,https://app.lootstudios.com/wp-content/uploads/2025/04/FN2505AC08.png,,,
Shadow of Vengeance,Vampire Cthulufolk,enemies,N/A,N/A,Medium,https://app.lootstudios.com/wp-content/uploads/2025/04/FN2505AC09.png,,,
Shadow of Vengeance,Tormented Wight,enemies,N/A,N/A,Medium,https://app.lootstudios.com/wp-content/uploads/2025/04/FN2505AC11.png,,,
Shadow of Vengeance,"Vortalak, the Demilich",enemies,N/A,N/A,Medium,https://app.lootstudios.com/wp-content/uploads/2025/04/FN2505AC12.png,,,
Shadow of Vengeance,Bone Golem,enemies,N/A,N/A,Large,https://app.lootstudios.com/wp-content/uploads/2025/04/FN2505AC13_v1.png,,,
Shadow of Vengeance,"Vandar, Skull Lord",enemies,N/A,N/A,Medium,https://app.lootstudios.com/wp-content/uploads/2025/04/FN2505AC15.png,,,
Shadow of Vengeance,"Orella, Death's Shadow",enemies,N/A,N/A,Medium,https://app.lootstudios.com/wp-content/uploads/2025/04/FN2505AC02-V1.png,,,
Shadow of Vengeance,"Launia, Rune Carver",heroes,Goliath,Barbarian,Medium,https://app.lootstudios.com/wp-content/uploads/2025/04/FN2505AC05.png,,,
Shadow of Vengeance,"Soren, the Shadowbinder",heroes,Reborn,Warlock,Medium,https://app.lootstudios.com/wp-content/uploads/2025/04/FN2505AC06.png,,,
Shadow of Vengeance,Sable Nighttalon,heroes,Birdfolk,Rogue,Medium,https://app.lootstudios.com/wp-content/uploads/2025/04/FN2505AC10.png,,,
Shadow of Vengeance,"Thessalia, the Soulwarden",heroes,Elf,Cleric,Medium,https://app.lootstudios.com/wp-content/uploads/2025/04/FN2505AC14.png,,,
Tomb of the Serpent God,"Erandi, Eagle Warrior",heroes,Human,Paladin,Medium,https://app.lootstudios.com/wp-content/uploads/2025/05/FN2506AC04.png,,,
Tomb of the Serpent God,"Fernand ""Longstrider""",heroes,Human,Ranger,Medium,https://app.lootstudios.com/wp-content/uploads/2025/05/FN2506AC08.png,,,
Tomb of the Serpent God,"Raphaela Miopla, Hand of Nature",heroes,Halfling,Druid,Medium,https://app.lootstudios.com/wp-content/uploads/2025/05/FN2506AC03.png,,,
Tomb of the Serpent God,Words of Thunder,heroes,Catfolk,Wizard,Medium,https://app.lootstudios.com/wp-content/uploads/2025/05/FN2506AC02.png,,,
Tomb of the Serpent God,Heartpiercer Snail,enemies,N/A,N/A,Large,https://app.lootstudios.com/wp-content/uploads/2025/05/FN2506AC05.png,,,
Tomb of the Serpent God,"Ihuitl, Serpent God",enemies,Snakefolk,N/A,Huge,https://app.lootstudios.com/wp-content/uploads/2025/05/FN2506AC01.png,,,
Tomb of the Serpent God,Lifefire Twingas,enemies,N/A,N/A,Tiny,https://app.lootstudios.com/wp-content/uploads/2025/05/FN2506AC07.png,,,
Tomb of the Serpent God,"Maitl, Herald of the Serpent",enemies,Snakefolk,Warlock,Large,https://app.lootstudios.com/wp-content/uploads/2025/05/FN2506AC15.png,,,
Tomb of the Serpent God,Pterafolk Screecher,enemies,N/A,N/A,Large,https://app.lootstudios.com/wp-content/uploads/2025/05/FN2506AC10.png,,,
Tomb of the Serpent God,Snakefolk Anathema,enemies,Snakefolk,N/A,Large,https://app.lootstudios.com/wp-content/uploads/2025/05/FN2506AC11.png,,,
Tomb of the Serpent God,Snakefolk Abomination,enemies,Snakefolk,N/A,Large,https://app.lootstudios.com/wp-content/uploads/2025/05/FN2506AC12.png,,,
Tomb of the Serpent God,Snakefolker Halfblood,enemies,Snakefolk,N/A,Medium,https://app.lootstudios.com/wp-content/uploads/2025/05/FN2506AC13.png,,,
Tomb of the Serpent God,Snakefolk Pureblood,enemies,Snakefolk,N/A,Medium,https://app.lootstudios.com/wp-content/uploads/2025/05/FN2506AC14.png,,,
Tomb of the Serpent God,Stone Temple Gargoyle,enemies,N/A,N/A,Large,https://app.lootstudios.com/wp-content/uploads/2025/05/FN2506AC09.png,,,
Tomb of the Serpent God,Verdant Maneater,enemies,N/A,N/A,Large,https://app.lootstudios.com/wp-content/uploads/2025/05/FN2506AC06.png,,,
Tower of Madness,Thevor Vorros,heroes,Tiefling,Rogue,Medium,https://app.lootstudios.com/wp-content/uploads/2025/06/FN2507AC12.png,,,
Tower of Madness,Ragash Vagan,heroes,Orc,Wizard,Medium,https://app.lootstudios.com/wp-content/uploads/2025/06/FN2507AC13.png,,,
Tower of Madness,Dagno Onyxbasher,heroes,Dwarf,Artificer,Medium,https://app.lootstudios.com/wp-content/uploads/2025/06/FN2507AC14.png,,,
Tower of Madness,"Morgan, Young Apprentice",heroes,Human,Wizard,Medium,https://app.lootstudios.com/wp-content/uploads/2025/06/FN2507AC15.png,,,
Tower of Madness,Gorab Amalgam,enemies,N/A,N/A,Large,https://app.lootstudios.com/wp-content/uploads/2025/06/FN2507AC01.png,,,
Tower of Madness,MechaRonic,enemies,N/A,N/A,Medium,https://app.lootstudios.com/wp-content/uploads/2025/06/FN2507AC02.png,,,
Tower of Madness,Stalking Trap,enemies,N/A,N/A,Large,https://app.lootstudios.com/wp-content/uploads/2025/06/FN2507AC03.png,,,
Tower of Madness,Crazed Acolyte,enemies,Gnoll,Wizard,Medium,https://app.lootstudios.com/wp-content/uploads/2025/06/FN2507AC03.png,,,
Tower of Madness,Madenned Starblade,enemies,Astral Walker,Fighter,Medium,https://app.lootstudios.com/wp-content/uploads/2025/06/FN2507AC05.png,,,
Tower of Madness,Essence Eater,enemies,N/A,N/A,Medium,https://app.lootstudios.com/wp-content/uploads/2025/06/FN2507AC06.png,,,
Tower of Madness,Necro G'orf,enemies,N/A,N/A,Large,https://app.lootstudios.com/wp-content/uploads/2025/06/FN2507AC07.png,,,
Tower of Madness,Carnificer Corruptor,enemies,N/A,N/A,Huge,https://app.lootstudios.com/wp-content/uploads/2025/06/FN2507AC08.png,,,
Tower of Madness,"Zodyra Darkveil, the Crazed Mage",enemies,Human,Wizard,Medium,https://app.lootstudios.com/wp-content/uploads/2025/06/FN2507AC09.png,,,
Tower of Madness,Iron Golem,enemies,N/A,N/A,Large,https://app.lootstudios.com/wp-content/uploads/2025/06/FN2507AC10.png,,,
Tower of Madness,Sordid Eye,enemies,N/A,N/A,Medium,https://app.lootstudios.com/wp-content/uploads/2025/06/FN2507AC11.png,,,
Shades of Hell,"Razius, Armored Slayer",heroes,Warforged,Paladin,Medium,https://app.lootstudios.com/wp-content/uploads/2025/07/FN2508AC01.png,,,
Shades of Hell,"Duncan, Hell Walker",heroes,Human,Fighter,Medium,https://app.lootstudios.com/wp-content/uploads/2025/07/FN2508AC02.png,,,
Shades of Hell,Li-an Fenixborn,heroes,Firbolg,Druid,Medium,https://app.lootstudios.com/wp-content/uploads/2025/07/FN2508AC03.png,,,
Shades of Hell,Cassandra Silverblade,heroes,Human,Bard,Medium,https://app.lootstudios.com/wp-content/uploads/2025/07/FN2508AC04.png,,,
Shades of Hell,Abyssal Poultry,enemies,N/A,N/A,Medium,https://app.lootstudios.com/wp-content/uploads/2025/07/FN2508AC05.png,,,
Shades of Hell,Lord of Flies,enemies,N/A,N/A,Medium,https://app.lootstudios.com/wp-content/uploads/2025/07/FN2508AC06.png,,,
Shades of Hell,Indomitable Ogrem,enemies,N/A,N/A,Medium,https://app.lootstudios.com/wp-content/uploads/2025/07/FN2508AC07.png,,,
Shades of Hell,Thorns Devil,enemies,N/A,N/A,Medium,https://app.lootstudios.com/wp-content/uploads/2025/07/FN2508AC08.png,,,
Shades of Hell,Flame Cambion,enemies,N/A,N/A,Medium,https://app.lootstudios.com/wp-content/uploads/2025/07/FN2508AC09.png,,,
Shades of Hell,"Athorx, Hope Eater",enemies,N/A,N/A,Large,https://app.lootstudios.com/wp-content/uploads/2025/07/FN2508AC10.png,,,
Shades of Hell,Enraged Neflan,enemies,N/A,N/A,Medium,https://app.lootstudios.com/wp-content/uploads/2025/07/FN2508AC11.png,,,
Shades of Hell,Tormentor Rakshasa,enemies,N/A,N/A,Medium,https://app.lootstudios.com/wp-content/uploads/2025/07/FN2508AC12.png,,,
Shades of Hell,"Aunty Mothma, Arch-Hag of Ifrean",enemies,N/A,N/A,Medium,https://app.lootstudios.com/wp-content/uploads/2025/07/FN2508AC13.png,,,
Shades of Hell,"Suriel, Archon of Ifrean",enemies,N/A,N/A,Large,https://app.lootstudios.com/wp-content/uploads/2025/07/FN2508AC14.png,,,
Shades of Hell,Blaze Titan,enemies,N/A,N/A,Huge,https://app.lootstudios.com/wp-content/uploads/2025/07/FN2508AC15.png,,,
Damn Monsters!,The Many-Knight,heroes,Mimic,Fighter,Medium,https://app.lootstudios.com/wp-content/uploads/2025/08/FN2509AC08.png,,,
Damn Monsters!,Bibby Sureshot,heroes,Goblin,Rogue,Medium,https://app.lootstudios.com/wp-content/uploads/2025/08/FN2509AC09.png,,,
Damn Monsters!,"Vykana, Hideous Laughter",heroes,Gnoll,Bard,Medium,https://app.lootstudios.com/wp-content/uploads/2025/08/FN2509AC10.png,,,
Damn Monsters!,Bufo Kuru-ru,heroes,Frogfolk,Monk,Medium,https://app.lootstudios.com/wp-content/uploads/2025/08/FN2509AC11.png,,,
Damn Monsters!,Old Agaricus,heroes,Bugbear,Druid,Medium,https://app.lootstudios.com/wp-content/uploads/2025/08/FN2509AC12.png,,,
Damn Monsters!,Drizan Axeheir,heroes,Kobold,Fighter,Medium,https://app.lootstudios.com/wp-content/uploads/2025/08/FN2509AC13.png,,,
Damn Monsters!,"D. Jean, Tavern Hero",heroes,Human,Barbarian,Medium,https://app.lootstudios.com/wp-content/uploads/2025/08/FN2509AC14.png,,,
Damn Monsters!,"Gordun'lajad, Glutton Tyrant",enemies,Dragon,N/A,Huge,https://app.lootstudios.com/wp-content/uploads/2025/08/FN2509AC01.png,,,
Damn Monsters!,"Ubirak, Preacher of Gluttony",enemies,Human,Cleric,Medium,https://app.lootstudios.com/wp-content/uploads/2025/08/FN2509AC02.png,,,
Damn Monsters!,Sorcerer of Gluttony,enemies,Human,Sorcerer,Medium,https://app.lootstudios.com/wp-content/uploads/2025/08/FN2509AC03.png,,,
Damn Monsters!,Warrior of Gluttony,enemies,Human,Fighter,Medium,https://app.lootstudios.com/wp-content/uploads/2025/08/FN2509AC04.png,,,
Damn Monsters!,Hatching Wyrmling,enemies,Dragon,N/A,Medium,https://app.lootstudios.com/wp-content/uploads/2025/08/FN2509AC05.png,,,
Damn Monsters!,Minotaur of Baphomet,enemies,Minotaur,N/A,Large,https://app.lootstudios.com/wp-content/uploads/2025/08/FN2509AC06.png,,,
Damn Monsters!,Drakeye,enemies,N/A,N/A,Large,https://app.lootstudios.com/wp-content/uploads/2025/08/FN2509AC07.png,,,
Damn Monsters!,Living Fire Breath,enemies,N/A,N/A,Medium,https://app.lootstudios.com/wp-content/uploads/2025/08/FN2509AC15.png,,,
Damn Monsters!,Living Dracosword,enemies,N/A,N/A,Medium,https://app.lootstudios.com/wp-content/uploads/2025/08/FN2509AC20.png,,,
Blood Moon,Neris Moonwrath,heroes,Tiefling,Druid,Medium,https://app.lootstudios.com/wp-content/uploads/2025/09/FN2510AC02.png,,,
Blood Moon,"Robb, the Grey Shadow",heroes,Human,Fighter,Medium,https://app.lootstudios.com/wp-content/uploads/2025/09/FN2510AC03.png,,,
Blood Moon,"Jenelle, Moon's Herald",heroes,Elf,Cleric,Medium,https://app.lootstudios.com/wp-content/uploads/2025/09/FN2510AC04.png,,,
Blood Moon,Betial Fayna,heroes,Halfling,Barbarian,Medium,https://app.lootstudios.com/wp-content/uploads/2025/09/FN2510AC10.png,,,
Blood Moon,"Baphomet, Lord of the Blood Beasts",enemies,N/A,N/A,Huge,https://app.lootstudios.com/wp-content/uploads/2025/09/FN2510AC01.png,,,
Blood Moon,Raging Werebadger,enemies,N/A,N/A,Medium,https://app.lootstudios.com/wp-content/uploads/2025/09/FN2510AC05.png,,,
Blood Moon,Monstrous Manspider,enemies,N/A,N/A,Medium,https://app.lootstudios.com/wp-content/uploads/2025/09/FN2510AC06.png,,,
Blood Moon,Pumpkin Blight,enemies,N/A,N/A,Medium,https://app.lootstudios.com/wp-content/uploads/2025/09/FN2510AC07.png,,,
Blood Moon,Werefeline,enemies,N/A,N/A,Medium,https://app.lootstudios.com/wp-content/uploads/2025/09/FN2510AC08.png,,,
Blood Moon,Aguará,enemies,N/A,N/A,Medium,https://app.lootstudios.com/wp-content/uploads/2025/09/FN2510AC09.png,,,
Blood Moon,"Lady Eleanor, Selenian Spirit",enemies,N/A,N/A,Medium,https://app.lootstudios.com/wp-content/uploads/2025/09/FN2510AC11.png,,,
Blood Moon,Pig Head Butcher,enemies,Human,N/A,Medium,https://app.lootstudios.com/wp-content/uploads/2025/09/FN2510AC12.png,,,
Blood Moon,Corrupted Werevulture,enemies,N/A,N/A,Medium,https://app.lootstudios.com/wp-content/uploads/2025/09/FN2510AC13.png,,,
Blood Moon,Moonwrath Devourer,enemies,N/A,N/A,Large,https://app.lootstudios.com/wp-content/uploads/2025/09/FN2510AC14.png,,,
Dawnkeep Assault,Daera Willowbeam,heroes,Firbolg,Druid,Medium,https://app.lootstudios.com/wp-content/uploads/2025/10/FN2511AC01.png,,,
Dawnkeep Assault,Elmec Silversong,heroes,Dragonborn,Bard,Medium,https://app.lootstudios.com/wp-content/uploads/2025/10/FN2511AC09.png,,,
Dawnkeep Assault,Mauri Skuller,heroes,Goliath,Ranger,Medium,https://app.lootstudios.com/wp-content/uploads/2025/10/FN2511AC10.png,,,
Dawnkeep Assault,"Kolya, Wall Princess",heroes,Tiefling,Rogue,Medium,https://app.lootstudios.com/wp-content/uploads/2025/10/FN2511AC12.png,,,
Dawnkeep Assault,Gallas Yarlac,heroes,Aarakocra,Bard,Medium,https://app.lootstudios.com/wp-content/uploads/2025/10/FN2511AC13.png,,,
Dawnkeep Assault,"Rubeus, Scarlet Archmage",enemies,Tiefling,Wizard,Medium,https://app.lootstudios.com/wp-content/uploads/2025/10/FN2511AC02.png,,,
Dawnkeep Assault,Scarlet Silencer,enemies,N/A,Rogue,Medium,https://app.lootstudios.com/wp-content/uploads/2025/10/FN2511AC03.png,,,
Dawnkeep Assault,Scarlet Wizard,enemies,N/A,Wizard,Medium,https://app.lootstudios.com/wp-content/uploads/2025/10/FN2511AC04.png,,,
Dawnkeep Assault,Bugbear Warpriest,enemies,Bugbear,Cleric,Medium,https://app.lootstudios.com/wp-content/uploads/2025/10/FN2511AC05.png,,,
Dawnkeep Assault,Bugbear Artificer,enemies,Bugbear,Artificer,Medium,https://app.lootstudios.com/wp-content/uploads/2025/10/FN2511AC06.png,,,
Dawnkeep Assault,Shadow Hunters,enemies,Bugbear,Rogue,Medium,https://app.lootstudios.com/wp-content/uploads/2025/10/FN2511AC07.png,,,
Dawnkeep Assault,Tormented Giant,enemies,N/A,N/A,Huge,https://app.lootstudios.com/wp-content/uploads/2025/10/FN2511AC08.png,,,
Dawnkeep Assault,Scarlet Dreadknight,enemies,N/A,N/A,Medium,https://app.lootstudios.com/wp-content/uploads/2025/10/FN2511AC11.png,,,
Dawnkeep Assault,Earthshatter Wyrm,enemies,N/A,N/A,Huge,https://app.lootstudios.com/wp-content/uploads/2025/10/FN2511AC14.png,,,
Dawnkeep Assault,"Zephyra, Skycrown Roc",enemies,N/A,N/A,Gargantuan,https://app.lootstudios.com/wp-content/uploads/2025/10/FN2511AC15.png,,,
Dawnkeep Assault,Scarlet Wisp,enemies,N/A,N/A,Small,https://app.lootstudios.com/wp-content/uploads/2025/10/FN2511AC20.png,,,
Destroyer's Armageddon,"Galean, Stellar Druid",heroes,Air Genasi,Druid,Medium,https://assets.loot-studios.com/bundles/F2512S12E06/FN2512AC02-render-resin.png,,,
Destroyer's Armageddon,"Azoran, Dreadful Warlock",heroes,Aasimar,Warlock,Medium,https://assets.loot-studios.com/bundles/F2512S12E06/FN2512AC03-render-resin.png,,,
Destroyer's Armageddon,"Ossok, Silent Monk",heroes,Birdfolk,Monk,Medium,https://assets.loot-studios.com/bundles/F2512S12E06/FN2512AC04-render-resin.png,,,
Destroyer's Armageddon,"The Faceless, Pentinent Paladin",heroes,Human,Paladin,Medium,https://assets.loot-studios.com/bundles/F2512S12E06/FN2512AC05-render-resin.png,,,
Destroyer's Armageddon,"Karvok, Fangbreaker Ranger",heroes,Dragonborn,Ranger,Medium,https://assets.loot-studios.com/bundles/F2512S12E06/FN2512AC06-render-resin.png,,,
Destroyer's Armageddon,"Ancelor Wyrmbane, Fighter",heroes,Dwarf,Fighter,Medium,https://assets.loot-studios.com/bundles/F2512S12E06/FN2512AC07-render-resin.png,,,
Destroyer's Armageddon,"Keya Suntouched, Radiant Cleric",heroes,Human,Cleric,Medium,https://assets.loot-studios.com/bundles/F2512S12E06/FN2512AC08-render-resin.png,,,
Destroyer's Armageddon,"Velancia, Chaos Sorcerer",heroes,Elf,Sorcerer,Medium,https://assets.loot-studios.com/bundles/F2512S12E06/FN2512AC09-render-resin.png,,,
Destroyer's Armageddon,"Bimble Flameborn, Wizard",heroes,Gnome,Wizard,Medium,https://assets.loot-studios.com/bundles/F2512S12E06/FN2512AC10-render-resin.png,,,
Destroyer's Armageddon,"Mav'na Hellspawn, Barbarian",heroes,Tiefling,Barbarian,Medium,https://assets.loot-studios.com/bundles/F2512S12E06/FN2512AC11-render-resin.png,,,
Destroyer's Armageddon,"Yo' Mandrin, Enrapturing Bard",heroes,Cthuluflk,Bard,Medium,https://assets.loot-studios.com/bundles/F2512S12E06/FN2512AC12-render-resin.png,,,
Destroyer's Armageddon,"Isabyn, Prowling Rogue",heroes,Halfling,Rogue,Medium,https://assets.loot-studios.com/bundles/F2512S12E06/FN2512AC13-render-resin.png,,,
Destroyer's Armageddon,"Thessarak, Destroyer of Worlds",enemies,N/A,N/A,Gargantuan,https://assets.loot-studios.com/bundles/F2512S12E06/FN2512AC01-render-resin.png,,,
Destroyer's Armageddon,Thessarid,enemies,N/A,N/A,Large,https://assets.loot-studios.com/bundles/F2512S12E06/FN2512AC14-render-resin.png,,,
Destroyer's Armageddon,Ravager Parasite,enemies,N/A,N/A,Medium,https://assets.loot-studios.com/bundles/F2512S12E06/FN2512AC15-render-resin.png,,,
Destroyer's Armageddon,Ravager Swarm,enemies,N/A,N/A,Large,https://assets.loot-studios.com/bundles/F2512S12E06/FN2512AC16-render-resin.png,,,
Kobold Caves,"Aedan, Valiant Shield",heroes,Human,Paladin,Medium,https://assets.loot-studios.com/bundles/F2601S13E01/FN2601AC01-render-resin.png,,,
Kobold Caves,Kaya Swiftstep,heroes,Human,Monk,Medium,https://assets.loot-studios.com/bundles/F2601S13E01/FN2601AC02-render-resin.png,,,
Kobold Caves,"Devon, Daring Hunter",heroes,Human,Ranger,Medium,https://assets.loot-studios.com/bundles/F2601S13E01/FN2601AC08-render-resin.png,,,
Kobold Caves,"Azure, Sapphire Dragon Wyrmling",heroes,Dragon,N/A,Medium,https://assets.loot-studios.com/bundles/F2601S13E01/FN2601AC11-render-resin.png,,,
Kobold Caves,Kobold Lancer | Kobold Axe Thrower,enemies,Kobold,N/A,Small,https://assets.loot-studios.com/bundles/F2601S13E01/FN2601AC03-render-resin.png,,,
Kobold Caves,Kobol Screecher,enemies,Kobold,N/A,Small,https://assets.loot-studios.com/bundles/F2601S13E01/FN2601AC04-render-resin.png,,,
Kobold Caves,Kobold Archer / Kobold Slinger,enemies,Kobold,N/A,Small,https://assets.loot-studios.com/bundles/F2601S13E01/FN2601AC05-render-resin.png,,,
Kobold Caves,Kobold Ambusher,enemies,Kobold,N/A,Small,https://assets.loot-studios.com/bundles/F2601S13E01/FN2601AC06-render-resin.png,,,
Kobold Caves,Kobold Resurrector + Spooky Skelebold,enemies,Kobold,N/A,Small,https://assets.loot-studios.com/bundles/F2601S13E01/FN2601AC07-render-resin.png,,,
Kobold Caves,Blue Wrath,enemies,Dragon,N/A,Medium,https://assets.loot-studios.com/bundles/F2601S13E01/FN2601AC09-render-resin.png,,,
Kobold Caves,Green Plaguer,enemies,Dragon,N/A,Medium,https://assets.loot-studios.com/bundles/F2601S13E01/FN2601AC10-render-resin.png,,,
Kobold Caves,"Mokdu, Hero Slayer",enemies,Dragon,N/A,Huge,https://assets.loot-studios.com/bundles/F2601S13E01/FN2601AC12-render-resin.png,,,
Arcane Archive,"Keung Wisefeather, Glyphology Professor",heroes,Birdfolk,Wizard,Medium,https://assets.loot-studios.com/bundles/F2602S13E02/FN2602AC01-render-resin.png,,,
Arcane Archive,"Letitia Zaier, Mage Duelist",heroes,Elf,Wizard,Medium,https://assets.loot-studios.com/bundles/F2602S13E02/FN2602AC02-render-resin.png,,,
Arcane Archive,"Tykana Nien, Psionic Adept",heroes,Human,N/A,Medium,https://assets.loot-studios.com/bundles/F2602S13E02/FN2602AC03-render-resin.png,,,
Arcane Archive,"Sir Rimpy, Valiant Mouse",heroes,Mousefolk,Fighter,Small,https://assets.loot-studios.com/bundles/F2602S13E02/FN2602AC04-render-resin.png,,,
Arcane Archive,"Master Idalla, Sage Archvist",heroes,Dragonborn,Wizard,Medium,https://assets.loot-studios.com/bundles/F2602S13E02/FN2602AC05-render-resin.png,,,
Arcane Archive,"Ranganathan, Master Lorekeeper",heroes,Dragon,N/A,Large,https://assets.loot-studios.com/bundles/F2602S13E02/FN2602AC06-render-resin.png,,,
Arcane Archive,"Quill, Companion Tome",heroes,N/A,N/A,Small,https://assets.loot-studios.com/bundles/F2602S13E02/FN2602AC20-render-resin.png,,,
Arcane Archive,Ghost Librarian,enemies,N/A,N/A,Medium,https://assets.loot-studios.com/bundles/F2602S13E02/FN2602AC07-render-resin.png,,,
Arcane Archive,Origami Golem,enemies,N/A,N/A,Large,https://assets.loot-studios.com/bundles/F2602S13E02/FN2602AC08-render-resin.png,,,
Arcane Archive,Animated Books,enemies,N/A,N/A,Medium,https://assets.loot-studios.com/bundles/F2602S13E02/FN2602AC09-render-resin.png,,,
Arcane Archive,Clockwork Archivist,enemies,N/A,N/A,Medium,https://assets.loot-studios.com/bundles/F2602S13E02/FN2602AC10-render-resin.png,,,
Arcane Archive,Owl Cult Gargoyle,enemies,N/A,N/A,Large,https://assets.loot-studios.com/bundles/F2602S13E02/FN2602AC11-render-resin.png,,,
Arcane Archive,Crazed Archivist,enemies,Halfling,N/A,Small,https://assets.loot-studios.com/bundles/F2602S13E02/FN2602AC12-render-resin.png,,,
Arcane Archive,Owl Cult Rogue,enemies,N/A,N/A,Medium,https://assets.loot-studios.com/bundles/F2602S13E02/FN2602AC13-render-resin.png,,,
Arcane Archive,Lier Eulentanz,enemies,Human,Bard,Medium,https://assets.loot-studios.com/bundles/F2602S13E02/FN2602AC14-render-resin.png,,,
Arcane Archive,"Stirgia, All-Seeing",enemies,N/A,N/A,Huge,https://assets.loot-studios.com/bundles/F2602S13E02/FN2602AC15-render-resin.png,,,
Celtic Dawn,"Lugh, God of Justice",heroes,Human,Fighter,Medium,https://assets.loot-studios.com/bundles/F2603S13E03/FN2603AC01-render-resin.png,,,
Celtic Dawn,"The Morrigan, Goddess of War",heroes,Human,Fighter,Medium,https://assets.loot-studios.com/bundles/F2603S13E03/FN2603AC02-render-resin.png,,,
Celtic Dawn,"Cernunnos, God of Nature",heroes,Satyr,Druid,Medium,https://assets.loot-studios.com/bundles/F2603S13E03/FN2603AC03-render-resin.png,,,
Celtic Dawn,"Brigid, Goddess of the Hearth",heroes,Human,Cleric,Medium,https://assets.loot-studios.com/bundles/F2603S13E03/FN2603AC04-render-resin.png,,,
Celtic Dawn,"The Dagda, Great Father",heroes,Human,Druid,Medium,https://assets.loot-studios.com/bundles/F2603S13E03/FN2603AC06-render-resin.png,,,
Celtic Dawn,Young Unicorn,enemies,Unicorn,N/A,Medium,https://assets.loot-studios.com/bundles/F2603S13E03/FN2603AC05-render-resin.png,,,
Celtic Dawn,Selkie,enemies,N/A,N/A,Medium,https://assets.loot-studios.com/bundles/F2603S13E03/FN2603AC07-render-resin.png,,,
Celtic Dawn,Gancanagh,enemies,N/A,N/A,Medium,https://assets.loot-studios.com/bundles/F2603S13E03/FN2603AC08-render-resin.png,,,
Celtic Dawn,Far Darrig,enemies,N/A,N/A,Medium,https://assets.loot-studios.com/bundles/F2603S13E03/FN2603AC09-render-resin.png,,,
Celtic Dawn,"Bananach, Battlefield Specter",enemies,N/A,N/A,Medium,https://assets.loot-studios.com/bundles/F2603S13E03/FN2603AC10-render-resin.png,,,
Celtic Dawn,Fomorian Charger,enemies,Fomorian,N/A,Medium,https://assets.loot-studios.com/bundles/F2603S13E03/FN2603AC11-render-resin.png,,,
Celtic Dawn,Fomorian Spawn,enemies,Fomorian,N/A,Medium,https://assets.loot-studios.com/bundles/F2603S13E03/FN2603AC12-render-resin.png,,,
Celtic Dawn,Fomorian Grunt,enemies,Fomorian,N/A,Medium,https://assets.loot-studios.com/bundles/F2603S13E03/FN2603AC13-render-resin.png,,,
Celtic Dawn,Buggane,enemies,N/A,N/A,Large,https://assets.loot-studios.com/bundles/F2603S13E03/FN2603AC14-render-resin.png,,,
Celtic Dawn,Balor of the Evil Eye,enemies,Fomorian,N/A,Huge,https://assets.loot-studios.com/bundles/F2603S13E03/FN2603AC15-render-resin.png,,,
Greenbrooke Invasion,Yerin Goldfoot,heroes,Halfling,Fighter,Small,https://assets.loot-studios.com/bundles/F2604S13E04/FN2604AC01-render-resin.png,,,
Greenbrooke Invasion,Fineon Silverladle,heroes,Halfling,Artificer,Small,https://assets.loot-studios.com/bundles/F2604S13E04/FN2604AC06-render-resin.png,,,
Greenbrooke Invasion,Yone Chordian,heroes,Halfling,Bard,Small,https://assets.loot-studios.com/bundles/F2604S13E04/FN2604AC10-render-resin.png,,,
Greenbrooke Invasion,Ava Naeronin,heroes,Elf,Rogue,Medium,https://assets.loot-studios.com/bundles/F2604S13E04/FN2604AC11-render-resin.png,,,
Greenbrooke Invasion,Velara Greenwald,heroes,Human,Ranger,Medium,https://assets.loot-studios.com/bundles/F2604S13E04/FN2604AC12-render-resin.png,,,
Greenbrooke Invasion,"Connar, Vexed Hermit",heroes,Human,Mage,Medium,https://assets.loot-studios.com/bundles/F2604S13E04/FN2604AC15-render-resin.png,,,
Greenbrooke Invasion,Kugol Stalker,enemies,Orc,Ranger,Medium,https://assets.loot-studios.com/bundles/F2604S13E04/FN2604AC02-render-resin.png,,,
Greenbrooke Invasion,Kugol Bomber,enemies,Orc,Artificer,Medium,https://assets.loot-studios.com/bundles/F2604S13E04/FN2604AC03-render-resin.png,,,
Greenbrooke Invasion,"Ragnor, Death Emissary",enemies,N/A,Mage,Medium,https://assets.loot-studios.com/bundles/F2604S13E04/FN2604AC05-render-resin.png,,,
Greenbrooke Invasion,Flaming Warthog,enemies,N/A,N/A,Medium,https://assets.loot-studios.com/bundles/F2604S13E04/FN2604AC08-render-resin.png,,,
Greenbrooke Invasion,Battering Beast,enemies,N/A,N/A,Large,https://assets.loot-studios.com/bundles/F2604S13E04/FN2604AC09-render-resin.png,,,
Greenbrooke Invasion,Hollow Troll,enemies,N/A,N/A,Large,https://assets.loot-studios.com/bundles/F2604S13E04/FN2604AC13-render-resin.png,,,
Greenbrooke Invasion,"Belret, the Cursed One",enemies,Halfling,N/A,Medium,https://assets.loot-studios.com/bundles/F2604S13E04/FN2604AC14-render-resin.png,,,
Greenbrooke Invasion,Vrothu Headcrusher,enemies,Orc,Barbarian,Medium,https://assets.loot-studios.com/bundles/F2604S13E04/FN2604AC04-render-resin.png,,,
Greenbrooke Invasion,Goblin Grenadier,enemies,Goblin,N/A,Small,,,,
Elemental Revenge,Katra Umeldahn,heroes,Human,Barbarian,Medium,https://assets.loot-studios.com/bundles/F2605S13E05/FN2605AC01-render-resin.png,,,
Elemental Revenge,"Almira, Sky Voice",heroes,Harpy,Warlock,Medium,https://assets.loot-studios.com/bundles/F2605S13E05/FN2605AC03-render-resin.png,,,
Elemental Revenge,Kaius Brightpalm,heroes,Tirfling,Monk,Medium,https://assets.loot-studios.com/bundles/F2605S13E05/FN2605AC16-render-resin.png,,,
Elemental Revenge,Avatar of the Elements,enemies,N/A,N/A,Huge,https://assets.loot-studios.com/bundles/F2605S13E05/FN2605AC02-render-resin.png,,,
Elemental Revenge,Curupira,enemies,N/A,N/A,Medium,https://assets.loot-studios.com/bundles/F2605S13E05/FN2605AC04-render-resin.png,,,
Elemental Revenge,Water Emissary,enemies,N/A,N/A,Tiny,https://assets.loot-studios.com/bundles/F2605S13E05/FN2605AC05-render-resin.png,,,
Elemental Revenge,Fire Emissary,enemies,N/A,N/A,Tiny,https://assets.loot-studios.com/bundles/F2605S13E05/FN2605AC06-render-resin.png,,,
Elemental Revenge,Earth Emissary,enemies,N/A,N/A,Tiny,https://assets.loot-studios.com/bundles/F2605S13E05/FN2605AC07-render-resin.png,,,
Elemental Revenge,Storm Emissary,enemies,N/A,N/A,Tiny,https://assets.loot-studios.com/bundles/F2605S13E05/FN2605AC08-render-resin.png,,,
Elemental Revenge,Geoge Scorpion,enemies,N/A,N/A,Large,https://assets.loot-studios.com/bundles/F2605S13E05/FN2605AC09-render-resin.png,,,
Elemental Revenge,Earth Rumbler,enemies,N/A,N/A,Medium,https://assets.loot-studios.com/bundles/F2605S13E05/FN2605AC10-render-resin.png,,,
Elemental Revenge,Waterborn Serpent,enemies,N/A,N/A,Large,https://assets.loot-studios.com/bundles/F2605S13E05/FN2605AC11-render-resin.png,,,
Elemental Revenge,Cumulus Terror,enemies,N/A,N/A,Medium,https://assets.loot-studios.com/bundles/F2605S13E05/FN2605AC12-render-resin.png,,,
Elemental Revenge,Storm Cackler,enemies,N/A,N/A,Medium,https://assets.loot-studios.com/bundles/F2605S13E05/FN2605AC13-render-resin.png,,,
Elemental Revenge,Frost Sovereign,enemies,N/A,N/A,Medium,https://assets.loot-studios.com/bundles/F2605S13E05/FN2605AC14-render-resin.png,,,
Elemental Revenge,Magma Linnorm,enemies,N/A,N/A,Medium,https://assets.loot-studios.com/bundles/F2605S13E05/FN2605AC15-render-resin.png,,,
Glooming Darkness,"Sheck, Veteran Survivalist",heroes,Human,Ranger,Medium,https://assets.loot-studios.com/bundles/F2606S13E06/FN2606AC13-render-resin.png,,,
Glooming Darkness,"Tagaluglup, Slimy Master",heroes,Ooze,Monk,Medium,https://assets.loot-studios.com/bundles/F2606S13E06/FN2606AC14-render-resin.png,,,
Glooming Darkness,"Kani Atrox, Fiery Justice",heroes,Dragonborn,Paladin,Medium,https://assets.loot-studios.com/bundles/F2606S13E06/FN2606AC15-render-resin.png,,,
Glooming Darkness,Adult Deep Dragon,enemies,Dragon,N/A,Huge,https://assets.loot-studios.com/bundles/F2606S13E06/FN2606AC01-render-resin.png,,,
Glooming Darkness,Spore Balloon,enemies,Plant,N/A,Medium,https://assets.loot-studios.com/bundles/F2606S13E06/FN2606AC02-render-resin.png,,,
Glooming Darkness,Magivore Bat,enemies,N/A,N/A,Medium,https://assets.loot-studios.com/bundles/F2606S13E06/FN2606AC03-render-resin.png,,,
Glooming Darkness,Fiendish Hound,enemies,Fiend,N/A,Medium,https://assets.loot-studios.com/bundles/F2606S13E06/FN2606AC04-render-resin.png,,,
Glooming Darkness,Brawler Ooze,enemies,Ooze,N/A,Medium,https://assets.loot-studios.com/bundles/F2606S13E06/FN2606AC05-render-resin.png,,,
Glooming Darkness,Aberrant Magivore,enemies,N/A,N/A,Medium,https://assets.loot-studios.com/bundles/F2606S13E06/FN2606AC06-render-resin.png,,,
Glooming Darkness,Morlock,enemies,N/A,N/A,Medium,https://assets.loot-studios.com/bundles/F2606S13E06/FN2606AC07-render-resin.png,,,
Glooming Darkness,Deep Stangler,enemies,N/A,N/A,Medium,https://assets.loot-studios.com/bundles/F2606S13E06/FN2606AC08-render-resin.png,,,
Glooming Darkness,Rubble Golem,enemies,Golem,N/A,Large,https://assets.loot-studios.com/bundles/F2606S13E06/FN2606AC09-render-resin.png,,,
Glooming Darkness,"Talpi, Undercaves Merchant",enemies,Molefolk,N/A,Medium,https://assets.loot-studios.com/bundles/F2606S13E06/FN2606AC10-render-resin.png,,,
Glooming Darkness,Magivore Amphisbaena,enemies,N/A,N/A,Medium,https://assets.loot-studios.com/bundles/F2606S13E06/FN2606AC11-render-resin.png,,,
Glooming Darkness,Lil' Cube,enemies,Ooze,N/A,Tiny,https://assets.loot-studios.com/bundles/F2606S13E06/FN2606AC12-render-resin.png,,,
Web of Tyranny,Esren Drazar,heroes,Drow,Ranger,Medium,https://assets.loot-studios.com/bundles/F2607S14E01/FN2607AC09-render-resin.png,,,
Web of Tyranny,Garnor of the Cursed Shadow,heroes,Dwarf,Fighter,Medium,https://assets.loot-studios.com/bundles/F2607S14E01/FN2607AC13-render-resin.png,,,
Web of Tyranny,"Arethra, Priestess of Light",heroes,Human,Cleric,Medium,https://assets.loot-studios.com/bundles/F2607S14E01/FN2607AC14-render-resin.png,,,
Web of Tyranny,Avatar of Arachne,enemies,N/A,N/A,Gargantuan,https://assets.loot-studios.com/bundles/F2607S14E01/FN2607AC01-render-resin.png,,,
Web of Tyranny,"Arachne, Spider Goddess",enemies,N/A,N/A,Medium,https://assets.loot-studios.com/bundles/F2607S14E01/FN2607AC02-render-resin.png,,,
Web of Tyranny,All-seeing Ooze,enemies,N/A,N/A,Medium,https://assets.loot-studios.com/bundles/F2607S14E01/FN2607AC03-render-resin.png,,,
Web of Tyranny,Mapinguari Demon,enemies,Fiend,N/A,Large,https://assets.loot-studios.com/bundles/F2607S14E01/FN2607AC04-render-resin.png,,,
Web of Tyranny,Arachnid Priestess,enemies,Drow,N/A,Medium,https://assets.loot-studios.com/bundles/F2607S14E01/FN2607AC05-render-resin.png,,,
Web of Tyranny,Arachne's Sentinels,enemies,N/A,N/A,Medium,https://assets.loot-studios.com/bundles/F2607S14E01/FN2607AC06-render-resin.png,,,
Web of Tyranny,Spiderwere,enemies,N/A,N/A,Medium,https://assets.loot-studios.com/bundles/F2607S14E01/FN2607AC07-render-resin.png,,,
Web of Tyranny,Cursed Drider,enemies,Dwarf,N/A,Medium,https://assets.loot-studios.com/bundles/F2607S14E01/FN2607AC08-render-resin.png,,,
Web of Tyranny,Arachnophobic Horror,enemies,N/A,N/A,Large,https://assets.loot-studios.com/bundles/F2607S14E01/FN2607AC10-render-resin.png,,,
Web of Tyranny,Ghostweb Specter,enemies,N/A,N/A,Medium,https://assets.loot-studios.com/bundles/F2607S14E01/FN2607AC11-render-resin.png,,,
Web of Tyranny,Arthropod Myrmidon,enemies,N/A,N/A,Medium,https://assets.loot-studios.com/bundles/F2607S14E01/FN2607AC12-render-resin.png,,,
Tidal Aberrations,"Maggio, Chainstrike Turtle",heroes,Turtlefolk,Monk,Medium,https://assets.loot-studios.com/bundles/F2608S14E02/FN2608AC01-render-resin.png,,,
Tidal Aberrations,"Captain Edward ""Bones""",heroes,Human,Warlock,Medium,https://assets.loot-studios.com/bundles/F2608S14E02/FN2608AC02-render-resin.png,,,
Tidal Aberrations,"Siraphin, Hammer of Storms",heroes,Human,Paladin,Medium,https://assets.loot-studios.com/bundles/F2608S14E02/FN2608AC03-render-resin.png,,,
Tidal Aberrations,Brinescourge Ghoul,enemies,N/A,N/A,Medium,https://assets.loot-studios.com/bundles/F2608S14E02/FN2608AC04-render-resin.png,,,
Tidal Aberrations,"Marko, Drunk Lightkeeper",enemies,Human,N/A,Medium,https://assets.loot-studios.com/bundles/F2608S14E02/FN2608AC05-render-resin.png,,,
Tidal Aberrations,"Pearly Darkdepths, Brine Hag",enemies,N/A,N/A,Medium,https://assets.loot-studios.com/bundles/F2608S14E02/FN2608AC06-render-resin.png,,,
Tidal Aberrations,Deepscourge Cultist,enemies,N/A,N/A,Medium,https://assets.loot-studios.com/bundles/F2608S14E02/FN2608AC07-render-resin.png,,,
Tidal Aberrations,Deepscourge Ravager,enemies,N/A,N/A,Medium,https://assets.loot-studios.com/bundles/F2608S14E02/FN2608AC08-render-resin.png,,,
Tidal Aberrations,Deepscourge Scion,enemies,N/A,N/A,Medium,https://assets.loot-studios.com/bundles/F2608S14E02/FN2608AC09-render-resin.png,,,
Tidal Aberrations,Rotten Merman,enemies,N/A,N/A,Medium,https://assets.loot-studios.com/bundles/F2608S14E02/FN2608AC10-render-resin.png,,,
Tidal Aberrations,"Altu'mis, the Deep One",enemies,N/A,N/A,Huge,https://assets.loot-studios.com/bundles/F2608S14E02/FN2608AC11-render-resin.png,,,
Tidal Aberrations,Tormented Fisherman,enemies,N/A,N/A,Medium,https://assets.loot-studios.com/bundles/F2608S14E02/FN2608AC12-render-resin.png,,,
Tidal Aberrations,Waves Spirit,enemies,N/A,N/A,Small,https://assets.loot-studios.com/bundles/F2608S14E02/FN2608AC13-render-resin.png,,,
Tidal Aberrations,"Darog, the Sea Lion",enemies,N/A,N/A,Large,https://assets.loot-studios.com/bundles/F2608S14E02/FN2608AC14-render-resin.png,,,
Mage Crash,"Agnes, Invisble Rogue",heroes,Human,Ranger,Medium,https://assets.loot-studios.com/bundles/F2609S14E03/FN2609AC06-render-resin.png,,,
Mage Crash,"Roran Sanru, Magebane",heroes,Human,Fighter,Medium,https://assets.loot-studios.com/bundles/F2609S14E03/FN2609AC09-render-resin.png,,,
Mage Crash,"Ginevra, Witchstalker",heroes,Human,Ranger,Medium,https://assets.loot-studios.com/bundles/F2609S14E03/FN2609AC10-render-resin.png,,,
Mage Crash,"Yomad, Master Transmuter",enemies,N/A,N/A,Large,https://assets.loot-studios.com/bundles/F2609S14E03/FN2609AC01-render-resin.png,,,
Mage Crash,Possessed Sacrifice,enemies,N/A,N/A,Medium,https://assets.loot-studios.com/bundles/F2609S14E03/FN2609AC02-render-resin.png,,,
Mage Crash,Cursed Poppet,enemies,N/A,N/A,Medium,https://assets.loot-studios.com/bundles/F2609S14E03/FN2609AC03-render-resin.png,,,
Mage Crash,"Hazamun, Scarlet Evoker",enemies,Human,Mage,Medium,https://assets.loot-studios.com/bundles/F2609S14E03/FN2609AC04-render-resin.png,,,
Mage Crash,"Yarina, Warmage",enemies,Astral Walker,Mage,Medium,https://assets.loot-studios.com/bundles/F2609S14E03/FN2609AC05-render-resin.png,,,
Mage Crash,"Irilya, Arch Haruspex",enemies,Human,Warlock,Medium,https://assets.loot-studios.com/bundles/F2609S14E03/FN2609AC07-render-resin.png,,,
Mage Crash,"Ilh'garix, Ur-Dominator",enemies,Cthulufolk,N/A,Medium,https://assets.loot-studios.com/bundles/F2609S14E03/FN2609AC08-render-resin.png,,,
Mage Crash,Frogevil Homunculus,enemies,N/A,N/A,Small,https://assets.loot-studios.com/bundles/F2609S14E03/FN2609AC11-render-resin.png,,,
Mage Crash,Dominator Spawn,enemies,Cthulufolk,N/A,Medium,https://assets.loot-studios.com/bundles/F2609S14E03/FN2609AC12-render-resin.png,,,
Mage Crash,"Maksim, Archmage Tinkerer",enemies,Human,Mage,Medium,https://assets.loot-studios.com/bundles/F2609S14E03/FN2609AC13-render-resin.png,,,
Mage Crash,Behemoth Frogevil,enemies,N/A,N/A,Huge,https://assets.loot-studios.com/bundles/F2609S14E03/FN2609AC14-render-resin.png,,,
Shadow Court,"Awyn, Arcane Investigator",heroes,Humanoid,Artificer,Medium,https://assets.loot-studios.com/bundles/F2610S14E04/FN2610AC01-render-resin.png,,,
Shadow Court,"Oziss, Shining Slayer",heroes,Humanoid,Fighter,Medium,https://assets.loot-studios.com/bundles/F2610S14E04/FN2610AC02-render-resin.png,,,
Shadow Court,"Nyxal, Umbra Soul",heroes,Humanoid,Cleric,Medium,https://assets.loot-studios.com/bundles/F2610S14E04/FN2610AC03-render-resin.png,,,
Shadow Court,"Ziggy, Suave Assassin",heroes,Humanoid,Rogue,Medium,https://assets.loot-studios.com/bundles/F2610S14E04/FN2610AC04-render-resin.png,,,
Shadow Court,Shadow Rider,enemies,Undead,N/A,Medium,https://assets.loot-studios.com/bundles/F2610S14E04/FN2610AC06-render-resin.png,,,
Shadow Court,Shadow Devil,enemies,Fiend,N/A,Medium,https://assets.loot-studios.com/bundles/F2610S14E04/FN2610AC07-render-resin.png,,,
Shadow Court,"Zyllah, the Shadow Queen",enemies,Fey,N/A,Medium,https://assets.loot-studios.com/bundles/F2610S14E04/FN2610AC08-render-resin.png,,,
Shadow Court,Mirror Stalker,enemies,Monstrosity,N/A,Medium,https://assets.loot-studios.com/bundles/F2610S14E04/FN2610AC09-render-resin.png,,,
Shadow Court,Gloom Warrior,enemies,Monstrosity,N/A,Medium,https://assets.loot-studios.com/bundles/F2610S14E04/FN2610AC10-render-resin.png,,,
Shadow Court,"Haiso, Ravishing Jester",enemies,Humanoid,N/A,Medium,https://assets.loot-studios.com/bundles/F2610S14E04/FN2610AC11-render-resin.png,,,
Shadow Court,Court Revenant,enemies,Undead,N/A,Medium,https://assets.loot-studios.com/bundles/F2610S14E04/FN2610AC12-render-resin.png,,,
Shadow Court,"Echo, Court Adviser",enemies,Monstrosity,N/A,Medium,https://assets.loot-studios.com/bundles/F2610S14E04/FN2610AC13-render-resin.png,,,
Shadow Court,Dark Tressym,enemies,Monstrosity,N/A,Small,https://assets.loot-studios.com/bundles/F2610S14E04/FN2610AC14-render-resin.png,,,
Shadow Court,Forsaken Souls,enemies,Undead,N/A,Medium,https://assets.loot-studios.com/bundles/F2610S14E04/FN2610AC15-render-resin.png,,,
Shadow Court,Death Giant,enemies,Giant,N/A,Huge,https://assets.loot-studios.com/bundles/F2610S14E04/FN2610AC05-render-resin.png,,,
